CustomerID,ActualChurn,LogReg_Pred,LogReg_Prob,RF_Pred,RF_Prob,XGB_Pred,XGB_Prob
437,0,0,0.04341725999211686,0,0.0,0,0.0010620756
2280,0,1,0.6886482145264535,1,0.695,1,0.97533435
2235,0,0,0.05864929272422454,0,0.055,0,0.038012803
4460,0,0,0.3985982090955833,0,0.245,0,0.22092344
3761,0,0,0.0212816733019667,0,0.03,0,0.00015292851
5748,0,1,0.6066328127646683,0,0.405,1,0.6873631
3568,0,0,0.4489553918677563,0,0.345,1,0.6682052
2976,0,0,0.12644177862425873,0,0.075,0,0.071443334
5928,0,0,0.0029655812038193023,0,0.0,0,0.0009856424
1639,1,0,0.3968282757846051,0,0.42,1,0.6103115
2079,0,0,0.25947375272474604,0,0.105,0,0.42921865
1280,0,0,0.060414186961613124,0,0.015,0,0.0024529616
667,0,0,0.13110956780892288,0,0.19,0,0.1385318
3524,1,1,0.6903388443857017,1,0.625,1,0.83225167
5283,0,0,0.12430789097917026,0,0.105,0,0.035705842
485,0,0,0.05822789840743959,0,0.125,0,0.005510792
6121,0,0,0.032042347541105354,0,0.035,0,0.001110341
2136,0,1,0.6404806573127089,1,0.65,1,0.66070527
6501,0,0,0.17690064799122066,0,0.175,0,0.34125906
5356,0,0,0.08422745184064244,0,0.05,0,0.043205995
6529,1,1,0.7256028935281896,1,0.625,1,0.6855766
1242,0,0,0.263112492925384,0,0.275,0,0.23112833
1615,0,0,0.017089346175423042,0,0.005,0,0.003231191
5082,0,0,0.035546674326353875,0,0.005,0,0.015114316
5389,0,0,0.17715198204828314,0,0.22,0,0.07742893
3985,0,0,0.20928040977055679,0,0.265,0,0.15649025
761,1,1,0.5761549384644845,0,0.495,0,0.43747592
6125,1,1,0.6984657173681943,1,0.61,1,0.8410005
6053,0,0,0.019496099288837547,0,0.02,0,0.04335939
5547,1,1,0.780569310754976,1,0.785,1,0.5304263
1838,0,0,0.4459984764048794,0,0.44,0,0.19291775
6979,0,0,0.4249226262485715,0,0.345,0,0.39348665
4345,0,0,0.005578307333379116,0,0.0,0,0.0004339873
3553,0,0,0.0051356649003824984,0,0.015,0,0.0011639035
346,1,1,0.7843375844519294,1,0.855,1,0.8277601
3624,0,0,0.24892855891822788,0,0.14,0,0.05284103
950,1,0,0.3729278030847712,1,0.595,1,0.51249456
3707,0,0,0.0021273404788104584,0,0.005,0,0.00016217673
6633,1,1,0.7616156583919516,1,0.905,1,0.9288412
2488,1,0,0.18394929849572655,0,0.115,0,0.082743704
4852,0,0,0.0029606490218684533,0,0.0,0,0.00062155986
2519,0,1,0.7916508261746426,1,0.785,1,0.89491427
5400,0,0,0.3469883387781111,0,0.485,1,0.62792546
1520,0,0,0.23146799787316583,0,0.055,0,0.12990591
3712,0,0,0.041483121096296746,0,0.085,0,0.022359625
880,1,1,0.520561196857521,0,0.495,0,0.49826553
3510,0,1,0.7130291697691248,1,0.63,1,0.5958673
6114,0,0,0.37204784998235724,0,0.165,0,0.13953903
3283,0,0,0.005500503322566833,0,0.025,0,0.0009934031
523,1,0,0.41208724134991603,0,0.215,0,0.22013764
1035,0,0,0.004649005338392158,0,0.0,0,0.0010125847
2246,1,1,0.7250054269903884,1,0.74,1,0.89081264
6140,0,0,0.16877022060863475,0,0.06,0,0.08344624
4030,0,0,0.2580054410716547,0,0.345,1,0.54521847
2255,0,0,0.20843317180070878,0,0.255,0,0.40656412
6304,1,1,0.6140644030003605,1,0.565,0,0.46344468
5965,0,0,0.05929485023165789,0,0.095,0,0.061469898
5614,0,0,0.05345586698583114,0,0.08,0,0.048226103
5601,0,0,0.07103647115437203,0,0.07,0,0.0077306903
2466,0,0,0.0033935686625957647,0,0.005,0,0.00096627313
4914,0,0,0.006457879078802888,0,0.005,0,3.4132714e-05
5086,1,0,0.030518929204013452,0,0.01,0,0.0029403553
888,0,0,0.1846308088352874,0,0.28,0,0.1457655
123,0,0,0.17608406470561744,0,0.105,0,0.192694
3408,1,0,0.2577963779687079,0,0.35,0,0.30719885
3362,1,0,0.36455084987744574,1,0.505,0,0.43445054
7011,1,0,0.20215627237224548,0,0.265,0,0.16455634
3158,1,0,0.27995516239809326,0,0.115,0,0.16213307
5968,1,0,0.20868932453629851,0,0.105,0,0.09825084
5300,1,1,0.6336033388617086,1,0.62,1,0.8861208
4761,0,0,0.002651151231272035,0,0.0,0,0.00039672948
4441,0,0,0.013325393571620317,0,0.0,0,0.001416512
290,1,1,0.6275251535977208,1,0.565,0,0.49977142
4120,0,0,0.20412296956266093,0,0.19,0,0.02095146
3704,0,0,0.025685015981316506,0,0.065,0,0.085257925
1718,0,0,0.04808103846377816,0,0.07,0,0.030856632
5202,0,0,0.060841466240214734,0,0.045,0,0.006436721
1472,1,1,0.532192173786878,0,0.4,0,0.46062756
3217,0,0,0.23443391623412146,0,0.04,0,0.048914958
4530,0,0,0.003074281418122651,0,0.01,0,0.0042295307
3211,0,0,0.04680258845998995,0,0.025,0,0.017083101
1016,0,0,0.01254675972307568,0,0.015,0,4.846788e-05
1577,1,0,0.23164205538371382,0,0.27,0,0.118630104
642,1,1,0.7957754503651301,1,0.71,1,0.82536477
4770,0,0,0.06679280455980507,0,0.07,0,0.0534299
3856,0,0,0.38035281420388206,0,0.285,0,0.25802758
6314,0,1,0.6595178718019963,1,0.725,1,0.8570501
3185,1,1,0.5117063503168114,1,0.68,1,0.69110227
4594,1,0,0.4955075711744391,0,0.455,1,0.6151627
6478,0,0,0.09435135856187442,0,0.1,0,0.007921852
3975,1,1,0.625765919082103,0,0.49,0,0.26864436
1461,0,0,0.31439932308304325,0,0.24,0,0.22183855
2268,0,0,0.013674223704906405,0,0.0,0,0.0026614151
1999,1,1,0.6065468096046301,1,0.545,0,0.4821056
2361,1,0,0.2887711146198263,0,0.4,1,0.56506425
4728,0,0,0.016493983098308636,0,0.025,0,0.006205902
6481,0,0,0.4280927383175854,0,0.395,0,0.4695607
6942,0,0,0.0045561653478585805,0,0.005,0,0.00037099086
1334,1,1,0.6782569553953629,1,0.88,1,0.9059154
5150,0,0,0.16869426304182197,0,0.125,0,0.1437982
2448,1,1,0.7714502459987927,1,0.705,1,0.5710646
2231,1,1,0.6415723211010594,1,0.525,1,0.56194645
203,0,1,0.5218776664019907,0,0.48,0,0.40342483
1644,1,0,0.43577708224026157,0,0.255,0,0.10846927
1014,1,0,0.28240738032455787,0,0.315,0,0.21756837
6614,0,0,0.0018555780549704846,0,0.01,0,0.0001609827
5710,0,0,0.10921109870339513,0,0.08,0,0.03902535
1153,0,0,0.04663101274432725,0,0.03,0,0.010620456
6332,0,0,0.04471857133062274,0,0.05,0,0.040574368
3604,0,0,0.04567177464086125,0,0.045,0,0.038203232
1076,0,0,0.012852887643478283,0,0.01,0,0.013688562
3978,0,1,0.6402073986989887,1,0.605,0,0.38903508
3166,0,0,0.1746991256451932,0,0.215,0,0.389317
6133,0,1,0.5386132344497397,0,0.495,1,0.62583905
185,1,1,0.6496326340881547,1,0.615,1,0.6451399
4686,0,0,0.04148682252883388,0,0.03,0,0.001468556
3516,1,1,0.502146094225064,1,0.66,1,0.7386471
1175,0,0,0.4765853974603909,0,0.3,0,0.32433614
1606,0,0,0.03661529546923721,0,0.06,0,0.010656436
1653,0,0,0.004689398236029769,0,0.015,0,0.021225177
2180,0,0,0.042021733932381955,0,0.07,0,0.0015777767
1807,1,1,0.6066687061033001,1,0.585,1,0.9319499
2292,0,0,0.015271919354945067,0,0.015,0,0.0033494937
1560,0,0,0.04060848227734746,0,0.035,0,0.0073598702
5393,1,1,0.7017082555690219,1,0.86,1,0.7619165
6208,0,0,0.01638522528317273,0,0.02,0,0.00081275613
1987,1,0,0.38843191957795764,0,0.38,1,0.69180477
5205,0,0,0.20355108018352966,0,0.18,0,0.078742415
3792,1,1,0.6680136328275282,0,0.445,1,0.82714224
4193,0,0,0.12189441172561831,0,0.03,0,0.10734802
6388,1,0,0.18104569195344727,0,0.155,0,0.10919431
5207,1,0,0.39711357365103966,0,0.255,1,0.50933594
675,0,0,0.11355865075831459,0,0.21,1,0.5819801
300,0,0,0.2081732971908662,0,0.165,0,0.06604237
5093,0,0,0.037918984896135,0,0.04,0,0.0025487149
6191,0,0,0.1874740684175014,0,0.18,0,0.0634112
2259,0,0,0.04118346745348423,0,0.02,0,0.00183557
4802,0,0,0.09157300180221772,0,0.07,0,0.052183196
4231,0,0,0.008153392573090877,0,0.015,0,0.00029301923
402,1,0,0.27817283426146583,0,0.21,1,0.89487255
1036,0,0,0.047345669899066904,0,0.07,0,0.10292709
7002,0,0,0.08704395516266497,0,0.05,0,0.00401087
747,0,1,0.5499698440010836,1,0.57,0,0.4207322
2373,0,0,0.014782207556043026,0,0.09,0,0.004065472
3719,0,0,0.03024252105298539,0,0.0,0,5.884329e-05
2743,0,0,0.06042856133316508,0,0.07,0,0.011111367
2755,0,0,0.040156409867455646,0,0.04,0,0.021768855
110,1,0,0.31026081357036084,0,0.275,0,0.23259306
1801,0,0,0.4549532703569454,0,0.265,0,0.22737683
1184,0,0,0.39689616031145974,0,0.35,0,0.32510567
2681,0,0,0.015184486429484195,0,0.045,0,0.010934713
4079,0,1,0.510695699085855,1,0.555,0,0.33589214
6239,0,0,0.13772631383090916,0,0.23,0,0.042661317
3236,0,0,0.31951707998224455,0,0.28,0,0.11735266
5098,1,1,0.775850862625085,1,0.83,1,0.91060084
2383,0,0,0.3818937410174623,0,0.29,0,0.26206586
4782,0,1,0.5782259109833372,1,0.545,0,0.2982775
180,1,0,0.415894053475029,0,0.37,0,0.25989783
3044,1,0,0.4278794712028225,1,0.525,1,0.65079445
2521,1,1,0.5164424364747859,0,0.495,1,0.62488073
4855,0,0,0.04317578046297007,0,0.075,0,0.0011527253
2143,0,0,0.15138463882892225,0,0.14,0,0.003945094
4201,0,0,0.0018383014906453608,0,0.005,0,0.00032348305
1855,0,0,0.009284807424494914,0,0.0,0,0.0014595551
3182,0,0,0.11142873943362526,0,0.07,0,0.011090413
3721,1,0,0.1739236721594342,0,0.055,0,0.05987475
6571,0,0,0.039161461344668996,0,0.025,0,0.07467681
3240,1,0,0.13188764511549456,0,0.19,0,0.10836709
3359,0,0,0.11791853256327417,0,0.03,0,0.015730383
4152,0,0,0.011189460213246287,0,0.03,0,0.10525254
4571,0,0,0.4643758703435336,0,0.38,0,0.42973477
2194,1,1,0.7544785243385623,1,0.915,1,0.9501041
1792,0,0,0.11742955710302908,0,0.09,0,0.043647442
2526,1,0,0.18668758164903254,0,0.26,0,0.33804345
195,0,0,0.38884716101312544,0,0.405,1,0.55423456
558,0,1,0.540695510048932,0,0.385,0,0.30660093
5671,0,0,0.005369872389617693,0,0.005,0,0.0018889273
2649,0,0,0.0045461681855780795,0,0.0,0,0.003726549
2590,0,0,0.39309325914246834,0,0.305,1,0.53580785
4046,0,0,0.1563620826866448,0,0.14,0,0.010284335
1543,1,1,0.5909523775514854,1,0.52,0,0.4118249
5034,0,0,0.04187811875386775,0,0.24,0,0.14438088
4154,1,1,0.7342222095079513,1,0.705,1,0.83116907
223,1,0,0.24756824394480353,0,0.265,0,0.13622625
2338,0,0,0.0018212908594947472,0,0.005,0,0.00018234139
6919,0,0,0.2615158068550727,0,0.29,0,0.07397247
342,0,0,0.03788169747402678,0,0.065,0,0.008938593
7001,1,0,0.37457475033440957,0,0.425,0,0.4798681
907,0,0,0.12149680719750748,0,0.225,0,0.076178536
6070,0,0,0.02997938613395351,0,0.03,0,0.0043019955
2923,0,0,0.15143004682996275,0,0.245,0,0.056272637
7016,0,0,0.3780773940540027,0,0.41,0,0.1750003
2686,1,1,0.6665013336914881,1,0.59,0,0.48132184
6492,0,0,0.0216159441748354,0,0.005,0,0.000530813
2931,0,1,0.5113873797345606,0,0.355,0,0.3470995
3464,0,0,0.407229556717813,0,0.335,1,0.77763873
6455,0,0,0.2305535728400893,0,0.425,1,0.7661993
5619,0,0,0.4577231176099925,0,0.275,0,0.1435594
2850,0,0,0.44139253492959735,0,0.35,0,0.27532664
2102,0,0,0.4778101178040811,0,0.305,0,0.075315624
4436,0,0,0.18676177087708126,0,0.165,0,0.10738533
3234,0,0,0.016698562004561105,0,0.0,0,0.00044174783
3944,0,0,0.05863084198469779,0,0.095,0,0.05743682
3670,0,0,0.05261697602022231,0,0.035,0,0.07873802
5595,0,0,0.17692949266828378,0,0.11,0,0.13808435
5080,0,0,0.11615308267730938,0,0.09,0,0.014969794
4923,0,0,0.05845964759706682,0,0.145,0,0.0065672416
3207,0,0,0.19714607973724,0,0.11,0,0.06728957
3376,0,0,0.2077131099796902,0,0.4,1,0.5706731
5730,0,0,0.004445370972186838,0,0.05,0,0.0017738584
4140,1,0,0.1396571326993719,0,0.15,0,0.18241718
4161,0,0,0.36413072098703775,1,0.585,0,0.477913
3831,1,0,0.4321711594018463,0,0.225,0,0.13806255
1347,0,0,0.03772983381395144,0,0.015,0,0.000744385
9,0,0,0.010588890214302595,0,0.065,0,0.00357018
5013,0,0,0.42268676337234873,0,0.435,0,0.49244237
1092,0,0,0.003968870257680679,0,0.07,0,0.0151829505
4461,0,1,0.5311743869294545,0,0.445,0,0.32773814
5381,1,1,0.5327871477560034,0,0.465,1,0.7450291
3799,1,0,0.08384529588887314,0,0.07,0,0.066798486
4696,0,0,0.10680255276356007,0,0.285,0,0.19814588
2914,0,0,0.1576358390453889,0,0.175,0,0.113704614
4537,0,0,0.49520846425214315,0,0.345,0,0.26594472
1554,0,0,0.06776802865097471,0,0.01,0,0.014892611
5250,0,1,0.7233029697595755,1,0.515,1,0.8506993
1380,0,0,0.10106644877537972,0,0.17,0,0.020606622
4224,0,0,0.0025693762507069478,0,0.01,0,0.0018707027
4552,0,0,0.16791730115203934,0,0.08,0,0.04273909
5133,1,1,0.7233481848851531,1,0.61,1,0.6510272
352,0,1,0.7853241141238549,1,0.645,0,0.43687767
1444,0,0,0.09154865532333566,0,0.105,0,0.033865817
3918,1,1,0.6338926428699589,1,0.56,1,0.52448434
4755,0,1,0.5000928608921943,0,0.335,0,0.1911149
2646,0,0,0.02631636415311306,0,0.025,0,0.0016494783
2275,1,1,0.7257063379694102,1,0.83,1,0.89520645
3755,1,1,0.7443701249246996,1,0.725,1,0.7271006
6853,1,0,0.3208886124620885,0,0.285,0,0.18699954
150,0,0,0.4244733816831065,0,0.405,0,0.26329345
3174,0,0,0.09320426559396773,0,0.135,0,0.21084253
4867,0,1,0.5796115428092308,0,0.415,0,0.48628113
3043,1,1,0.6598326119680142,1,0.795,1,0.914764
3172,1,1,0.5598491741928262,0,0.375,1,0.8203283
4379,0,0,0.08023349630988781,0,0.15,0,0.023853626
4533,0,0,0.09976314564181724,0,0.095,0,0.106992275
3357,1,0,0.4127242236911573,1,0.515,1,0.8783988
2543,1,1,0.545105362414875,0,0.465,1,0.89005524
5360,1,1,0.5940289267995895,1,0.545,1,0.6595361
6268,0,0,0.038484974269609555,0,0.03,0,0.02232312
993,0,0,0.03724971889484651,0,0.05,0,0.009995129
4070,0,0,0.38255732736104064,0,0.345,0,0.43231016
1766,0,0,0.03872013779679301,0,0.025,0,0.0018082089
4022,0,0,0.12968216398985005,0,0.045,0,0.0060439864
1448,0,0,0.10410498595158398,0,0.015,0,0.036102388
6720,0,0,0.030239649390262302,0,0.055,0,0.0034668618
5509,1,0,0.25672150607895466,0,0.26,0,0.20144917
6731,0,0,0.02794346625093492,0,0.005,0,0.0015943919
3736,0,0,0.09869652799119517,0,0.055,0,0.03107599
5797,0,0,0.32129532827930907,0,0.205,0,0.03267775
5669,0,0,0.2721543807117296,0,0.22,0,0.15815246
2860,0,0,0.36622621827926183,0,0.375,1,0.65162456
3824,0,0,0.4659344656228411,0,0.405,1,0.5341802
2967,0,0,0.07199067727906358,0,0.11,0,0.08237227
714,0,0,0.0035244368260160877,0,0.005,0,0.0009158149
4676,0,0,0.13880054990410132,0,0.205,0,0.15901345
2911,1,1,0.5190046588364674,1,0.645,1,0.74415606
4653,1,0,0.18895978641731354,0,0.12,0,0.03228322
492,1,1,0.6044504377387961,1,0.59,0,0.39806005
1321,0,0,0.012445877850409416,0,0.035,0,0.0036901748
3669,0,0,0.4637640805535878,0,0.225,0,0.08863427
5652,0,0,0.4727108147631325,0,0.475,1,0.5928831
6777,0,1,0.544449656969931,1,0.515,0,0.4026008
4147,0,0,0.004234433436163449,0,0.005,0,0.0010228953
3848,0,0,0.2982093850395034,0,0.255,0,0.27975562
6149,0,0,0.308355075787701,0,0.3,0,0.12133617
3897,0,0,0.061683304839049664,0,0.04,0,0.0029988291
5809,0,1,0.6058808701942133,1,0.57,1,0.7031913
2367,1,1,0.6502547599884702,1,0.71,1,0.55686474
2219,0,1,0.627266771949255,1,0.535,0,0.30782786
2397,1,1,0.7982465275414349,1,0.805,1,0.9362
519,0,0,0.11250974656281568,0,0.055,0,0.06648568
3505,0,1,0.5648138866996835,1,0.56,1,0.6387393
5012,0,0,0.11855917978133279,0,0.05,0,0.15551807
685,0,0,0.41787198134598424,0,0.49,0,0.30105788
3812,0,0,0.07041326448134153,0,0.04,0,0.02183924
4986,0,0,0.49991484723497437,0,0.435,1,0.5625923
2294,1,1,0.7514443639144482,1,0.665,1,0.5089199
5006,1,0,0.27917130928252587,0,0.275,0,0.28611708
3665,0,0,0.07248648265776488,0,0.045,0,0.004410467
2155,1,1,0.6237845681790367,1,0.505,0,0.39687985
5487,0,0,0.029986346932127317,0,0.025,0,0.01258483
4817,0,0,0.18199121351533432,0,0.225,0,0.47742108
1219,0,0,0.12174243904957743,0,0.18,0,0.026123263
4206,0,0,0.040882363860053304,0,0.005,0,0.004607481
5067,0,0,0.07130090294628634,0,0.07,0,0.03772001
4317,0,0,0.09544730058631853,0,0.065,0,0.058213823
2486,0,0,0.32569145333401145,0,0.27,0,0.115250014
895,0,0,0.37890450955954086,0,0.375,1,0.7320549
580,1,0,0.09945026580573109,0,0.02,0,0.0058743646
686,0,0,0.022374102083005106,0,0.025,0,0.004418026
6523,0,0,0.08433342850930604,0,0.095,0,0.15908326
3466,0,0,0.0037628160226563538,0,0.015,0,0.0002774344
5715,1,0,0.3602448678093619,0,0.235,0,0.0456186
2902,0,1,0.6054680993866569,0,0.485,1,0.6169547
3317,0,0,0.013212587518567263,0,0.05,0,0.009881376
6179,1,1,0.744894917466988,1,0.845,1,0.9453744
6057,0,0,0.2319360442172365,0,0.185,0,0.15464889
1343,0,0,0.032454785439732244,0,0.085,0,0.077766046
4018,0,0,0.1356968652813293,0,0.235,0,0.043406002
2674,0,0,0.1845899212855698,0,0.185,0,0.1765148
1316,0,0,0.20147557613629077,0,0.03,0,0.12468734
302,0,1,0.6478581050342425,1,0.59,1,0.716662
6015,0,1,0.5922119601647665,1,0.55,0,0.2504721
1584,0,0,0.04183908934705817,0,0.15,0,0.09871159
3970,0,0,0.025371832022382558,0,0.085,0,0.17279494
4160,0,0,0.07022961553253387,0,0.07,0,0.030318795
3898,0,0,0.016623781709526147,0,0.01,0,0.021848934
5484,0,0,0.09863246257758174,0,0.175,0,0.052189257
6457,0,0,0.12456698704837382,0,0.09,0,0.07651274
1890,1,0,0.26317117168056253,0,0.275,1,0.54994184
3145,1,1,0.545448711599471,1,0.545,0,0.49525702
2699,0,0,0.49526070728014565,0,0.48,1,0.6754458
6308,0,1,0.6111722443342547,1,0.77,1,0.6407076
3216,1,0,0.28552942302556106,1,0.595,1,0.79779136
2849,0,0,0.11878713453557883,0,0.035,0,0.11361755
7033,0,0,0.30435663931578605,0,0.195,0,0.28902906
1552,0,0,0.045920343227581754,0,0.045,0,0.0049745906
3694,1,0,0.04901980720895486,0,0.065,0,0.19735165
4253,0,1,0.6234382760215297,0,0.5,1,0.71650434
894,0,0,0.08441767327572139,0,0.1,0,0.0076532443
6436,0,0,0.009186613685258652,0,0.015,0,0.003930517
2892,0,0,0.18466682731153386,0,0.2,0,0.08059017
2005,1,0,0.17789031233877425,0,0.19,0,0.031674676
5470,0,0,0.039645798455507655,0,0.07,0,0.0011010483
1127,0,0,0.047037316358581494,0,0.055,0,0.0688313
5181,0,0,0.012665159805129679,0,0.0,0,8.801743e-05
4408,0,0,0.013011177518175945,0,0.055,0,0.003064961
1070,1,1,0.5168799878750604,1,0.695,1,0.5182606
4984,0,0,0.053645484411063996,0,0.07,0,0.11615201
5886,0,0,0.006008771481160708,0,0.0,0,0.0102191055
3155,0,0,0.024675202213351545,0,0.0,0,0.0009153347
2915,0,0,0.011954507245313639,0,0.0,0,0.0005240783
809,1,1,0.709649464525785,1,0.965,1,0.951012
5623,0,0,0.13887757893097796,0,0.19,0,0.054464344
4725,1,0,0.3134481838576972,0,0.4,0,0.41939107
6748,1,1,0.7707254813741348,1,0.835,1,0.90416473
6945,1,0,0.05696038672231058,0,0.145,0,0.010821255
6951,0,0,0.009215118988720785,0,0.005,0,0.002697601
1509,1,1,0.5723700959892931,0,0.38,0,0.19283633
4423,0,0,0.18466835176333588,0,0.16,0,0.094775
1088,1,1,0.7053379196663787,1,0.55,0,0.32998753
6098,0,0,0.1686416998380085,0,0.09,0,0.040234584
3844,1,0,0.09746225764158398,0,0.05,0,0.20284602
7036,0,0,0.2688238165881465,0,0.165,0,0.031124292
5902,0,0,0.2444306512837943,0,0.14,0,0.12676354
5828,0,0,0.0025886850717013075,0,0.0,0,0.00024366948
3320,0,0,0.26799200502379644,0,0.285,0,0.20318858
3818,0,0,0.07040413787545408,0,0.09,0,0.15077558
2580,0,1,0.5769419537033489,1,0.555,0,0.33592185
4600,0,0,0.047586205985470566,0,0.065,0,0.020086477
2798,1,1,0.7440587544785505,1,0.7,1,0.8250106
1851,1,1,0.6919616938381994,1,0.645,1,0.6657846
5725,0,0,0.03893752710493721,0,0.02,0,0.029206833
4008,0,0,0.10375000354191512,0,0.135,0,0.03408911
3751,0,0,0.24119611030662913,0,0.185,0,0.014017598
3291,0,0,0.09770140332962485,0,0.16,0,0.096252955
6537,1,0,0.06711832634040557,0,0.165,0,0.43258977
2961,0,0,0.22921336616818247,0,0.245,0,0.21644956
1123,0,0,0.059691598795733956,0,0.085,0,0.054450803
4113,0,0,0.029738785298865183,0,0.005,0,0.006386069
2319,0,1,0.6131216250307824,1,0.535,0,0.39865044
5975,1,1,0.542118219486828,1,0.54,1,0.5922808
4473,0,1,0.656343511386442,1,0.695,1,0.77818024
768,0,0,0.3034903019220957,0,0.49,0,0.30611733
4151,0,0,0.24352502947974886,0,0.4,1,0.8311617
2711,1,0,0.31322427900910077,0,0.24,0,0.20003012
6075,0,0,0.12202458297995829,0,0.135,0,0.07708843
3437,0,0,0.07845008339270097,0,0.145,0,0.151424
311,0,0,0.41126889776279574,0,0.355,0,0.22465573
2424,1,0,0.09794281244238436,0,0.205,0,0.037840247
1237,0,0,0.06270729433599091,0,0.0,0,0.0017857203
3398,0,0,0.08904685251457552,0,0.17,0,0.13599503
6230,0,0,0.15208932596527505,0,0.39,0,0.31336957
5515,0,0,0.021782403132117694,0,0.0,0,0.004394347
4165,0,1,0.6263781787230962,1,0.585,1,0.6260582
1578,1,0,0.3429590679725528,0,0.265,0,0.084160015
5512,0,0,0.3352527354415442,0,0.235,0,0.17033193
6346,1,0,0.31383295904930175,0,0.46,0,0.16411303
5168,1,1,0.7009149107549502,1,0.615,1,0.5155253
6657,0,0,0.011738355704892916,0,0.045,0,0.0036142801
51,1,0,0.47504623479357483,0,0.395,1,0.6227766
2064,0,0,0.022378698284600474,0,0.025,0,0.0058516636
800,0,0,0.061581551255872634,0,0.155,0,0.0664087
14,0,0,0.4621600804068663,0,0.375,1,0.8976224
884,0,0,0.027725159893954188,0,0.04,0,0.004738597
6108,0,0,0.3041542141835697,0,0.18,0,0.06300207
4666,0,0,0.09159697067774357,0,0.035,0,0.00810781
6383,0,0,0.032446879792756955,0,0.05,0,0.0023235062
5449,0,0,0.03354405282993622,0,0.105,0,0.0340383
949,0,0,0.009908439480889847,0,0.0,0,0.000815406
1549,1,0,0.4325722180914156,1,0.57,1,0.6709376
1693,0,0,0.03712654618767042,0,0.02,0,0.0023018639
4185,0,0,0.23442038133732224,0,0.185,0,0.23845527
1648,0,0,0.223113233506624,0,0.21,0,0.14467144
2691,0,0,0.25729316317787104,0,0.3,0,0.14867318
1288,0,0,0.0035186612815614367,0,0.1,0,0.018573612
2792,0,0,0.26261097926811977,0,0.12,0,0.098005384
658,1,0,0.08099939728670498,0,0.03,0,0.029398208
5842,0,0,0.4861451688748896,0,0.325,0,0.2097817
4947,1,1,0.7092081112941159,1,0.715,1,0.5595879
6747,0,0,0.033120222796097866,0,0.13,0,0.010352429
5615,1,0,0.23603094418310816,0,0.29,0,0.3014102
4810,1,1,0.6433704537672925,1,0.53,1,0.7688587
4664,1,1,0.5812303808444128,1,0.585,1,0.74263835
4856,1,1,0.5282609317025607,0,0.3,0,0.2494897
3744,0,0,0.17094742049419767,0,0.125,0,0.026194306
7,0,0,0.2850409609833684,0,0.115,0,0.07944688
5736,0,0,0.1854346367219542,0,0.355,0,0.39278126
5039,1,1,0.7743942426766209,1,0.84,1,0.73197544
3790,1,0,0.09085980118199505,0,0.045,0,0.0022705593
2290,1,1,0.5476002843540569,0,0.305,0,0.2898959
183,0,0,0.06180026179622573,0,0.16,0,0.039308753
5587,0,0,0.18876144154850422,0,0.12,0,0.06458905
1037,0,1,0.547925018851709,0,0.455,0,0.43604085
3251,1,0,0.44923392085392044,0,0.245,0,0.13406567
2701,0,0,0.005380968686275488,0,0.01,0,0.0013483757
760,0,0,0.18399701328770407,0,0.36,0,0.39585876
6324,0,0,0.496277564656665,1,0.595,1,0.6529281
5675,0,1,0.6208672808965031,1,0.585,1,0.50100154
165,0,0,0.0028636051180870167,0,0.0,0,0.00043255108
2593,0,0,0.0028774946940021374,0,0.0,0,0.0004003511
404,0,0,0.0364222414129762,0,0.03,0,0.0013579632
5166,0,0,0.1760095883274255,0,0.22,0,0.13843508
6104,0,0,0.15534971843394224,0,0.035,0,0.032264277
3957,0,0,0.1327259624434738,0,0.185,0,0.058205705
4281,0,0,0.08573609907710363,0,0.105,0,0.073208
6190,1,1,0.6788328190867098,1,0.855,1,0.89009076
832,0,0,0.008433696699394314,0,0.1,0,0.040292762
805,0,0,0.027248294828955008,0,0.065,0,0.0063732136
5773,0,0,0.0947239457854935,0,0.09,0,0.088241786
1557,0,0,0.2630140004432441,0,0.265,0,0.09813282
6127,0,0,0.12661009265425643,0,0.125,0,0.06929767
6885,1,1,0.5405006565519492,0,0.385,0,0.3240427
2088,0,0,0.10755049465285375,0,0.115,0,0.015877532
5234,0,0,0.2026072938565276,0,0.145,0,0.111964025
4259,1,0,0.22825130221291165,0,0.085,0,0.12316366
683,0,0,0.30485639319909547,0,0.305,0,0.23518324
2472,0,0,0.006263343955334575,0,0.06,0,0.031210372
1162,0,0,0.019411582307725016,0,0.07,0,0.03141228
2139,0,1,0.5675240275154149,0,0.34,0,0.48255467
2968,0,1,0.6166155330040851,0,0.405,1,0.58204794
3798,0,1,0.5234023943021034,1,0.59,1,0.8359442
3769,0,0,0.07965148614593115,0,0.02,0,0.022691036
6973,0,0,0.1700524396614768,0,0.16,0,0.09659994
4475,0,0,0.22114871092030491,0,0.24,0,0.1594365
6574,0,1,0.777084660177172,1,0.755,1,0.88415223
1277,0,0,0.0024958577201719774,0,0.01,0,0.00034861141
6207,1,0,0.2806849805529567,0,0.365,1,0.51016015
743,0,0,0.006665847759032523,0,0.02,0,0.00071028003
2138,0,0,0.009102039424086012,0,0.025,0,0.0013847188
5891,1,0,0.42325010229290466,0,0.42,0,0.49139673
4305,0,0,0.02407566792200405,0,0.01,0,0.0011724349
2204,1,0,0.16069740726619433,0,0.15,0,0.024428356
2467,0,0,0.2722405438169354,0,0.355,0,0.37511626
3112,0,0,0.03662436802611509,0,0.015,0,0.0011308905
6735,0,0,0.006515649876729974,0,0.0,0,0.00011570003
1756,0,0,0.0646180796616398,0,0.09,0,0.0685675
2034,0,0,0.03409944507403717,0,0.075,0,0.055110563
541,0,0,0.46923363529286033,0,0.335,0,0.25008866
4629,0,0,0.15944401123760854,0,0.055,0,0.045765318
1254,0,0,0.05014657022351138,0,0.07,0,0.034185275
6786,1,0,0.17344136489631837,0,0.24,0,0.1752862
6946,0,0,0.09066495993242767,0,0.18,0,0.08977195
796,0,0,0.157670360930485,0,0.18,0,0.055759236
4028,0,0,0.03254673394986476,0,0.15,0,0.1136005
4210,0,0,0.08413252826340134,0,0.16,0,0.028894927
6423,0,0,0.002559800113402191,0,0.0,0,7.966313e-05
2576,0,0,0.2190060984551318,0,0.18,0,0.02416001
2278,0,0,0.39032107892296064,0,0.49,0,0.37916586
453,1,0,0.4962800219203868,0,0.48,0,0.3838318
1887,1,1,0.5757294127982013,0,0.37,0,0.49380028
3554,0,1,0.5996474158006846,1,0.645,1,0.6703115
3293,0,1,0.5699630119070701,0,0.445,0,0.3285846
5804,0,0,0.002634644558832904,0,0.0,0,0.00017533147
2608,1,0,0.34552318487522715,0,0.25,0,0.36860216
1568,0,1,0.714936525005261,1,0.625,1,0.9461267
2913,0,0,0.02043291056982713,0,0.025,0,0.0067481496
2351,0,0,0.008272277120404016,0,0.03,0,0.009247506
1846,0,0,0.047867928810819985,0,0.02,0,0.0007395187
1083,1,1,0.7471049656328754,1,0.805,1,0.7542888
6206,0,0,0.26347197548843976,0,0.165,0,0.21116106
626,0,0,0.4820718567789531,0,0.29,1,0.63634145
3647,0,1,0.6905716529290166,1,0.585,0,0.46007457
2810,0,0,0.15296007805077957,0,0.19,0,0.19369428
5716,0,1,0.5080989303169846,1,0.575,1,0.87731224
1033,0,0,0.0050763953211228185,0,0.005,0,0.0021472883
6889,0,1,0.5753191656117136,1,0.8,1,0.8997236
5316,0,0,0.24102513515684595,0,0.23,0,0.44114017
479,1,0,0.34949957913365554,0,0.275,0,0.30771482
344,0,0,0.018834649205886626,0,0.015,0,0.005936562
4264,0,1,0.5819096036323632,0,0.34,0,0.32980126
3109,0,0,0.009668789328625487,0,0.025,0,0.006455503
5355,0,0,0.30685019895279586,0,0.315,1,0.5214979
1381,0,1,0.5351750643516139,1,0.61,1,0.5982909
984,0,0,0.002596170805492876,0,0.0,0,0.0001532349
657,0,0,0.048615080910672806,0,0.105,0,0.07488659
350,0,0,0.02341816118610837,0,0.045,0,0.016956529
4486,0,0,0.23466733327824396,0,0.22,0,0.008269075
4038,0,0,0.003999297064007014,0,0.045,0,0.0036471563
3638,1,0,0.312705329073295,0,0.455,0,0.41053998
1697,0,0,0.005591931209703083,0,0.02,0,0.00094163883
933,1,1,0.8114958706271955,1,0.87,1,0.90980583
4266,1,0,0.0885282642594075,0,0.115,0,0.023144806
621,0,0,0.11446129237910008,0,0.125,0,0.13680978
1706,0,0,0.053457845030978064,0,0.085,0,0.006881193
3837,1,0,0.49039687339446947,0,0.455,1,0.58812255
6964,0,0,0.0828500924265121,0,0.145,0,0.1257749
3988,0,0,0.03948865882308301,0,0.05,0,0.029688219
1881,0,0,0.24316955306177032,0,0.2,0,0.322835
3874,0,0,0.4353847243705288,0,0.49,0,0.41404477
2329,0,0,0.13376326781650633,0,0.19,0,0.19667564
6725,0,0,0.040831923017248445,0,0.11,0,0.051824562
4422,0,0,0.31970891104143584,0,0.215,0,0.30771327
3117,0,0,0.1711083729878325,0,0.16,0,0.051277276
5194,1,1,0.5093261476490195,0,0.445,0,0.4598849
4402,1,0,0.11553975989019025,0,0.14,0,0.025831902
985,1,0,0.4273221383340501,0,0.345,0,0.3416149
4627,0,0,0.12043703236364615,0,0.135,0,0.05835472
101,0,0,0.20083398054612098,0,0.37,0,0.3578861
1388,0,0,0.31299562444900236,0,0.16,0,0.31750682
4114,0,0,0.005006718406840459,0,0.0,0,0.001576104
2118,0,1,0.550504372309863,0,0.46,0,0.35889077
1654,0,0,0.08553153024775832,0,0.1,0,0.007842417
6292,0,0,0.31531024188092865,0,0.28,0,0.13459748
3991,1,1,0.683870884303626,1,0.69,1,0.8714253
4527,1,0,0.10832588454638482,0,0.315,0,0.005623411
6419,0,0,0.1359316509946836,0,0.195,0,0.16650255
2286,0,0,0.3558561579548414,0,0.25,0,0.084769435
3377,0,0,0.003861371163954617,0,0.01,0,0.0016689688
6726,1,1,0.6463027235675789,1,0.65,1,0.67108715
4740,1,0,0.2506456953724235,0,0.405,0,0.47914422
6142,1,0,0.2268515656293362,0,0.14,0,0.07527891
6245,0,0,0.08873901541621063,0,0.11,0,0.023758866
680,1,1,0.6321133633466498,1,0.655,1,0.9275686
4670,0,0,0.053291835836384235,0,0.14,0,0.11787273
6174,1,1,0.6116222167851292,1,0.705,1,0.6752546
1351,0,0,0.19100555192548088,0,0.12,0,0.023751978
1844,0,0,0.0213606017408754,0,0.13,0,0.07329075
2704,0,0,0.033443252838427896,0,0.065,0,0.080868036
4478,0,1,0.5502765321617311,0,0.4,1,0.5416578
2509,0,0,0.004805140553570189,0,0.01,0,0.00047958558
4171,1,0,0.18923794843375544,0,0.075,0,0.015837407
4977,0,0,0.04073492137336602,0,0.005,0,0.0043301
1023,0,0,0.4565633657824891,0,0.405,0,0.2962852
3541,0,0,0.09038926019543378,0,0.13,0,0.13850854
454,0,0,0.005628750708332587,0,0.005,0,0.0014437799
4648,0,1,0.7005690407040995,1,0.58,1,0.50711507
3050,1,1,0.5421763173059407,1,0.505,0,0.48282883
1519,1,1,0.554811600243648,1,0.605,1,0.67013067
958,0,0,0.1203122674076221,0,0.115,0,0.045109745
4572,0,0,0.45110711658296,0,0.385,1,0.5034955
315,0,0,0.08723099218436978,0,0.135,0,0.05814486
6796,1,0,0.2607100291739118,0,0.29,0,0.16023408
978,1,0,0.31343643868828247,0,0.185,0,0.12778874
2695,0,0,0.04038568279601636,0,0.075,0,0.08861116
791,0,0,0.030264804761316655,0,0.135,0,0.22469799
156,0,1,0.5801395051992585,0,0.455,0,0.36872387
6509,1,1,0.603575496833913,1,0.715,1,0.8419538
260,1,1,0.7058809485272355,1,0.8,1,0.9464887
2516,1,1,0.7896288068327075,1,0.72,1,0.7604155
3007,1,0,0.44451113120561675,0,0.45,1,0.65139675
266,0,0,0.008644451216328742,0,0.0,0,0.015811251
1774,0,0,0.2915285515278367,1,0.535,1,0.55111307
882,1,1,0.6321119669109643,1,0.53,1,0.77166003
3565,1,0,0.4720891461847814,1,0.505,1,0.7613543
6270,0,0,0.01329730341198416,0,0.0,0,0.00023814174
5585,1,0,0.2499014759659393,0,0.27,1,0.5463929
3787,0,0,0.3356905439367937,0,0.375,0,0.11244332
476,0,0,0.22912570756589368,0,0.135,0,0.094479986
6794,0,0,0.009146088828493085,0,0.02,0,0.008773985
6426,0,0,0.033725453435412764,0,0.08,0,0.009403022
3777,0,0,0.0056036999944155015,0,0.0,0,0.0020246461
6557,0,1,0.6309294293362412,1,0.66,1,0.6134663
2981,0,0,0.0029264293232843905,0,0.0,0,0.00033083867
1329,0,0,0.0023388816570697004,0,0.01,0,0.0012851377
1760,0,0,0.037745065515970566,0,0.075,0,0.006832113
3656,0,0,0.021275889178836754,0,0.09,0,0.0136471335
6970,1,1,0.7464461563662791,1,0.76,1,0.8084543
5560,0,0,0.11665286593140022,0,0.11,0,0.017510107
1909,0,0,0.06523371481346521,0,0.02,0,0.007814572
1040,1,1,0.5764473915090351,0,0.47,0,0.44288453
6539,0,0,0.3019972629426613,0,0.195,0,0.09536267
5822,0,0,0.3646059370264294,0,0.39,1,0.63624537
5048,0,0,0.24771069771157173,0,0.235,0,0.30337837
6991,1,1,0.6556556093391499,1,0.725,1,0.6274362
1783,1,1,0.6534795908164238,1,0.805,1,0.8083054
5078,0,0,0.06577353883096905,0,0.17,0,0.3254207
2154,0,0,0.016529503413647294,0,0.0,0,0.0026564407
6073,0,0,0.007390127195675245,0,0.03,0,0.0035636348
5183,1,0,0.3810615644922219,0,0.26,0,0.24315982
1440,0,0,0.05762189310624905,0,0.02,0,0.013082465
6650,0,0,0.15032453159701292,0,0.07,0,0.17331366
6838,1,1,0.6476743800536986,1,0.575,1,0.7277767
73,0,0,0.005936692101437913,0,0.005,0,0.00070685067
524,1,1,0.6666417265274378,1,0.585,1,0.85282147
85,0,1,0.697539350062022,1,0.705,1,0.9859536
4748,0,0,0.038707449413802844,0,0.0,0,0.0030015348
5270,1,0,0.06969126733022413,0,0.08,0,0.21128953
1883,1,0,0.317111458061955,0,0.19,0,0.08248739
6674,0,0,0.19258979316346325,0,0.09,0,0.08437351
4166,0,0,0.028700866222009777,0,0.005,0,0.0017608871
212,0,0,0.0031498597324195834,0,0.08,0,0.017082972
5617,0,0,0.1775029697244927,0,0.085,0,0.074050546
1250,0,0,0.08430786673956885,0,0.125,0,0.021462087
4792,1,0,0.29603694438815525,0,0.165,0,0.35547063
2015,0,0,0.16408921969041923,0,0.095,0,0.012168571
1451,0,0,0.23474565332304823,0,0.11,0,0.08349237
3440,0,0,0.012602550506849185,0,0.0,0,0.00052032556
487,0,0,0.022776675038756508,0,0.035,0,0.0003273879
6623,1,1,0.7882065071458125,1,0.94,1,0.9612791
4065,1,0,0.18601211023644987,0,0.42,0,0.336247
5369,0,0,0.04733741568345647,0,0.02,0,0.029049272
3087,1,1,0.7597619936441007,1,0.825,1,0.7298902
3910,1,1,0.5394219571456154,0,0.34,0,0.28904215
4633,0,0,0.003767530594001002,0,0.005,0,0.00020540605
447,0,0,0.00906367585587292,0,0.015,0,0.0018004795
6157,1,0,0.17266571093036495,0,0.115,0,0.17441915
6679,0,0,0.0076807234293556305,0,0.03,0,0.002236563
3727,1,1,0.8238819695103647,1,0.935,1,0.83994895
1214,1,1,0.6040389330528786,1,0.525,0,0.33439508
2927,0,1,0.708730683079312,1,0.945,1,0.8918644
3956,1,1,0.7804753654616011,1,0.79,1,0.8153571
24,0,0,0.02462477003435465,0,0.055,0,0.07979115
5597,1,1,0.5308617324301179,0,0.4,0,0.36370984
4654,0,0,0.0274890510149204,0,0.045,0,0.00704365
1081,0,1,0.6207998204186683,1,0.77,1,0.84731704
2421,0,0,0.0901784426909622,0,0.225,0,0.27429283
6159,0,0,0.07278266660385657,0,0.11,0,0.036364567
753,0,0,0.04804886638119766,0,0.09,0,0.0065713893
4296,1,0,0.11967298427898883,0,0.125,0,0.26455045
900,0,0,0.1757376771192502,0,0.305,0,0.23452435
5422,0,0,0.003470822498639283,0,0.015,0,0.0034062753
922,0,1,0.6646140161296847,1,0.685,1,0.6950258
3767,0,0,0.05960908379456069,0,0.1,0,0.006200505
6690,0,0,0.1110139039047804,0,0.08,0,0.013522514
671,0,0,0.005985685469232534,0,0.03,0,0.048416063
6111,0,0,0.3613786034328997,0,0.3,0,0.34686115
3368,0,0,0.30360241397190907,0,0.235,0,0.16962972
2797,1,1,0.8237075046457165,1,0.92,1,0.8963546
5100,1,1,0.6098532469115197,1,0.515,1,0.75444746
966,1,0,0.19513322403753014,0,0.075,0,0.035574056
5091,1,0,0.45268987860227944,0,0.325,0,0.25808635
715,0,0,0.31088261698530223,0,0.255,0,0.13871993
3672,1,0,0.10363281442832006,0,0.09,0,0.14657326
5499,1,1,0.6937500189516548,0,0.445,1,0.7550349
1696,1,1,0.7945719210466936,1,0.865,1,0.90890425
531,0,0,0.001964228217496369,0,0.0,0,5.1103227e-05
2490,0,0,0.11115951826253229,0,0.195,0,0.004800645
458,0,0,0.18155670145964178,0,0.07,0,0.057477713
428,0,1,0.5529141516449635,0,0.345,0,0.11368851
2279,0,0,0.005415925356657901,0,0.015,0,0.0010520683
2377,0,0,0.07574518876982378,0,0.125,0,0.30439058
4508,0,0,0.06452974391925988,0,0.01,0,0.027342167
2983,0,0,0.009432100960639081,0,0.005,0,0.00028033336
1829,0,1,0.7189603405086219,1,0.62,1,0.7284907
3375,0,0,0.0018932674953817087,0,0.0,0,0.00010927378
4853,0,0,0.10521778836918029,0,0.12,0,0.11829953
3623,0,0,0.3493005251651622,0,0.355,0,0.47861487
5462,0,0,0.041041535826982875,0,0.08,0,0.05980169
4340,0,0,0.25431850122113936,0,0.4,0,0.32968852
4449,0,0,0.13009014101316485,0,0.12,0,0.05430104
1260,0,0,0.3831529176467651,0,0.495,0,0.49087465
6263,0,0,0.2123820527257343,0,0.09,0,0.04225256
154,0,0,0.12551956019085336,0,0.04,0,0.12169071
3514,0,0,0.0900093291980474,0,0.105,0,0.042970736
3864,1,1,0.648425688413758,1,0.675,0,0.48538426
3036,0,0,0.0251543072244305,0,0.025,0,0.0050827707
2820,0,0,0.014305249126769998,0,0.07,0,0.06640653
18,1,0,0.15049686454786693,0,0.175,0,0.10015052
783,1,0,0.4107682211370365,1,0.55,1,0.65524423
6593,1,0,0.14670685479260806,0,0.095,0,0.011412516
3992,0,0,0.017319467971678798,0,0.02,0,0.00022159336
1062,0,0,0.08747446857634945,0,0.09,0,0.014218503
6355,0,0,0.03569742136499064,0,0.11,0,0.034372922
2663,0,0,0.16293771747350844,0,0.125,0,0.114538886
6363,0,1,0.542683483162292,1,0.54,1,0.6826985
5718,1,1,0.6269683363778629,1,0.63,1,0.6021778
6185,0,0,0.300790128032834,0,0.305,0,0.15708937
4513,1,0,0.009831371602313616,0,0.035,0,0.00044709037
2709,0,0,0.3851249274423877,0,0.38,1,0.6483379
3664,0,0,0.31768716183000134,0,0.215,0,0.287518
6331,0,0,0.03182057616142061,0,0.12,0,0.025662871
2664,0,0,0.0867227803784887,0,0.08,0,0.01019845
3723,0,0,0.07637609793175505,0,0.025,0,0.0200827
4226,1,1,0.7506537280171559,1,0.73,1,0.8183907
5655,0,0,0.0066651336558875875,0,0.01,0,0.0028530997
868,1,0,0.18803773472626725,0,0.22,0,0.07175796
4722,0,0,0.0296767417799998,0,0.115,0,0.013647968
3069,0,0,0.17515709829387066,0,0.035,0,0.0470716
1802,0,0,0.07725927896443172,0,0.175,0,0.01289838
2687,0,0,0.3810433415627596,0,0.17,0,0.051243372
5700,0,1,0.5210281608751586,0,0.345,1,0.7025264
5218,0,0,0.1229942359524804,0,0.165,0,0.09527967
3693,0,0,0.06770644346747252,0,0.065,0,0.054859962
1154,0,0,0.012481026568130016,0,0.01,0,0.009721303
5571,0,0,0.11736011744726563,0,0.16,0,0.12134041
6875,0,0,0.0031710886329293776,0,0.0,0,0.0067657377
6519,0,0,0.17310648052215008,0,0.13,0,0.12315021
113,1,1,0.5269090075149665,0,0.49,1,0.57638013
2506,0,0,0.0038624277161535135,0,0.0,0,0.00049700047
2217,0,0,0.010611174228169245,0,0.01,0,0.0013551745
2753,1,1,0.7135087340088873,1,0.77,1,0.95543873
1105,0,1,0.7049584884871918,1,0.735,1,0.66721624
376,0,0,0.478849612771492,0,0.49,1,0.5896682
1401,1,1,0.6839252307521739,1,0.76,1,0.98067874
6344,1,0,0.4219568151669815,0,0.325,1,0.55565524
6852,0,0,0.06795694339309248,0,0.06,0,0.013537382
5635,0,0,0.2176986878378443,0,0.085,0,0.20502533
5877,1,0,0.2005422929414788,0,0.26,0,0.21125619
1245,0,1,0.7012252488717692,1,0.505,0,0.436052
6022,0,0,0.11087856061581593,0,0.07,0,0.030984947
5927,0,0,0.008858682816939686,0,0.005,0,0.002613644
5924,0,0,0.0028064165914192525,0,0.0,0,0.00023997223
4570,0,0,0.20299814759471674,0,0.07,0,0.026328899
1992,0,1,0.6001967974730199,1,0.605,0,0.48157462
2499,0,0,0.03345447158533368,0,0.055,0,0.02343692
6628,0,0,0.49103172406324525,0,0.445,1,0.7735092
1446,0,1,0.5319380736032625,0,0.495,0,0.39834005
3836,0,0,0.020967050710638344,0,0.05,0,0.009699761
5610,1,1,0.7465131129976853,1,0.815,1,0.81497186
3031,1,0,0.3318419579930761,0,0.405,0,0.338927
1143,0,0,0.22499609209487959,0,0.135,0,0.17029245
469,1,0,0.3172112226387756,0,0.32,0,0.1741692
4227,0,0,0.00687296633680371,0,0.01,0,0.0029560865
3536,0,1,0.6604239808741916,1,0.775,1,0.9002276
6445,0,1,0.6243866149303925,1,0.565,0,0.27440828
3090,1,0,0.49671785608188457,1,0.535,1,0.7123711
3537,0,0,0.06611232433573078,0,0.08,0,0.090673625
6847,0,0,0.21742487836327706,0,0.195,0,0.18447904
6656,0,0,0.008325625222311433,0,0.005,0,0.0059823967
2760,0,0,0.04669229670267534,0,0.0,0,0.0020617377
3682,1,1,0.7108282349004004,1,0.93,1,0.94481575
4933,0,0,0.4451296176026974,0,0.32,1,0.5014058
3312,0,0,0.18495446728840656,0,0.195,0,0.1948532
5003,1,1,0.654369408300454,1,0.64,1,0.77873397
3448,1,0,0.2298256960800478,0,0.25,0,0.0907359
654,1,0,0.2086462149683551,0,0.16,0,0.2506558
2493,0,1,0.7449564092176381,1,0.745,1,0.880151
4216,0,0,0.011526135403750058,0,0.01,0,0.00043692917
5721,0,0,0.026723541462696825,0,0.035,0,0.0031957033
2888,1,1,0.6835880649136442,1,0.745,1,0.8239013
3099,0,0,0.05124360193793783,0,0.02,0,0.02670229
2742,0,0,0.006517766004926315,0,0.01,0,0.0048862197
4781,0,0,0.005296882785947416,0,0.015,0,0.10173697
7024,0,0,0.252939794394372,0,0.165,0,0.30597237
2982,0,0,0.011927872387136277,0,0.005,0,0.0120506
3547,0,0,0.014102811348655481,0,0.03,0,0.0030451035
4275,0,0,0.29935844099766123,0,0.235,0,0.08995247
3803,1,0,0.09606924662679177,0,0.11,0,0.06668797
3287,1,0,0.4576459864501862,0,0.435,1,0.6675024
164,0,0,0.05383110228951645,0,0.05,0,0.040203538
2868,0,1,0.5317933676510043,1,0.63,0,0.4848049
1546,0,0,0.0038162752750193446,0,0.01,0,0.0055487226
5943,1,1,0.7459043799989773,1,0.825,1,0.8855494
6393,0,0,0.41335165421137166,0,0.41,1,0.6643051
4139,0,1,0.6069780626927006,1,0.815,1,0.7204813
6898,0,0,0.32757541603470225,0,0.3,1,0.7932319
6974,0,0,0.36723108835181034,0,0.255,0,0.090350516
5412,0,0,0.1012843587702846,0,0.125,0,0.016900346
5066,0,0,0.05635975992220781,0,0.18,0,0.12806413
936,0,0,0.08780831180616845,0,0.21,0,0.008037201
5119,0,1,0.5044383918284886,0,0.49,0,0.26854628
3906,1,1,0.6801610713545057,1,0.85,1,0.9583961
3394,0,0,0.09599661149156549,0,0.125,0,0.08457971
2650,0,0,0.45762008665082443,0,0.26,0,0.18017043
3763,1,1,0.736871317555676,1,0.855,1,0.6236234
4733,0,0,0.4769354959316111,1,0.575,0,0.3775213
6339,1,0,0.2955026513709968,0,0.3,0,0.2273811
4390,0,0,0.0987189690775419,0,0.065,0,0.06387508
2919,0,0,0.045121016949231686,0,0.165,0,0.029686611
5592,0,0,0.03443121958854734,0,0.005,0,0.002979232
1738,0,0,0.07812967669530628,0,0.08,0,0.024156572
866,0,0,0.023175990501520992,0,0.06,0,0.009443134
700,0,0,0.023918947184433877,0,0.045,0,0.0032718922
3905,1,0,0.48597686158915143,0,0.25,0,0.4606749
1289,0,0,0.013070211976147921,0,0.005,0,0.005624835
2568,0,0,0.025629981247828643,0,0.005,0,0.0038227818
2783,0,0,0.39622664169683675,0,0.235,0,0.24811202
1775,0,0,0.11239124673899237,0,0.225,1,0.7708893
2729,1,1,0.794520703614613,1,0.93,1,0.93525416
4061,0,0,0.16015627573891564,0,0.195,0,0.099883646
1586,0,0,0.0513495295364726,0,0.06,0,0.41066766
5551,0,0,0.11262269937333999,0,0.035,0,0.045767933
2333,0,0,0.025634640350403394,0,0.01,0,0.0059917616
405,0,0,0.0032722985856011542,0,0.01,0,9.727352e-05
3067,1,1,0.6927793851667576,1,0.645,1,0.7368993
163,0,0,0.030767013112462018,0,0.05,0,0.002570149
3834,1,0,0.03957335236140013,0,0.06,0,0.00509395
3679,1,0,0.24799758818643278,1,0.555,1,0.80284494
3762,0,0,0.4570277748077324,0,0.495,1,0.824336
6740,1,0,0.21902719819308433,0,0.33,1,0.6018605
2899,0,0,0.007389036718912344,0,0.005,0,0.0052250456
6727,0,1,0.5905960596672575,1,0.61,1,0.6704948
4267,0,0,0.01672487498828817,0,0.01,0,0.00027789632
3449,0,0,0.15771714959801889,0,0.115,0,0.04576558
6872,0,0,0.062040105813476826,0,0.07,0,0.003255009
3781,0,0,0.031194173745319312,0,0.0,0,9.8750956e-05
2604,0,1,0.500096416312385,0,0.21,0,0.22793204
1878,0,0,0.21415421440984952,0,0.115,0,0.11868634
2999,0,0,0.07536330625262605,0,0.01,0,0.01592445
6181,0,0,0.2705595611004207,0,0.395,1,0.85052603
3658,0,0,0.2552670196739836,0,0.215,0,0.30471322
4838,0,0,0.13906379892367476,0,0.115,0,0.04926257
1104,0,0,0.02538746775191498,0,0.0,0,0.00185469
5706,1,1,0.6643911005676156,1,0.805,1,0.92855257
2350,0,1,0.7806091193546152,1,0.825,1,0.7772039
5642,0,0,0.045306392780871285,0,0.0,0,0.008192414
2517,1,1,0.6577552258122839,1,0.75,1,0.9489328
4705,0,1,0.5347896337167888,1,0.55,1,0.7610797
38,1,1,0.6222546427899139,1,0.61,1,0.62369955
1975,0,0,0.024108987440673697,0,0.015,0,0.0008087523
603,0,0,0.1365548420273946,0,0.21,1,0.55196375
2305,0,0,0.48822862708551207,0,0.335,1,0.5419485
6779,0,0,0.10957004824080667,0,0.09,0,0.010689905
4932,0,0,0.13088545193051357,0,0.11,0,0.021095045
849,0,0,0.008870852036939903,0,0.0,0,0.00022734383
3720,0,0,0.06049127794267379,0,0.1,0,0.17628045
126,1,1,0.6066134647155261,1,0.51,1,0.6357387
4415,0,0,0.013098584624412522,0,0.025,0,0.0065435222
4638,1,1,0.7535403404963127,1,0.845,1,0.81497186
3550,1,1,0.5174424802686137,0,0.425,1,0.6430487
3006,1,1,0.7089634254183088,1,0.695,1,0.7210467
3907,0,0,0.36317406090934523,0,0.28,0,0.20398779
4870,0,0,0.035661677367692046,0,0.075,0,0.04833255
3845,1,1,0.680344315658018,1,0.585,1,0.6473925
262,0,0,0.41471714150197486,0,0.285,0,0.14282124
4871,0,0,0.03613137768592828,0,0.075,0,0.036163196
6902,0,0,0.029146415200313365,0,0.045,0,0.024656586
192,0,0,0.002087234209223705,0,0.005,0,0.0008386152
6220,0,0,0.05648072436911034,0,0.045,0,0.00273504
3306,0,1,0.5090025035474727,1,0.67,1,0.7873212
1798,0,0,0.030944837006802044,0,0.1,0,0.010054775
3371,1,0,0.1422207035439297,0,0.115,0,0.0344159
1517,0,0,0.25742838322017,0,0.285,0,0.36101383
4438,0,0,0.010304572671267477,0,0.0,0,0.0034433964
4912,1,1,0.5080888588058585,0,0.455,0,0.20482732
3242,0,0,0.03866102752772947,0,0.01,0,0.0009840769
2993,0,0,0.0839520207707521,0,0.165,0,0.012314576
2168,1,1,0.6957903903250667,1,0.73,1,0.83237875
6637,0,0,0.014898936681026048,0,0.105,0,0.013211727
4078,1,0,0.07247762023787131,0,0.11,0,0.022895573
6655,0,0,0.005230135438742224,0,0.0,0,0.0008104866
3711,0,0,0.028972987301275874,0,0.045,0,0.0038121736
3960,0,0,0.4536021817753928,0,0.4,0,0.39810133
904,0,0,0.00988213401889024,0,0.025,0,0.014830519
4898,1,1,0.5323557935835718,0,0.365,0,0.39424047
128,0,0,0.18601211023644987,0,0.42,0,0.336247
3726,1,1,0.5426134375017748,0,0.28,0,0.15900747
4186,0,0,0.12136132141258894,0,0.225,0,0.08399986
5222,0,0,0.2795621564557493,0,0.23,0,0.10110303
3703,0,0,0.05926353774955929,0,0.02,0,0.03054389
5311,1,0,0.14638984001245622,0,0.185,0,0.18570131
4017,0,0,0.07462320287361185,0,0.03,0,0.021272847
6490,0,0,0.0358284859534152,0,0.005,0,0.0018887833
2222,0,0,0.4810848980629832,0,0.315,1,0.5001641
5415,0,0,0.41869005714552243,0,0.37,0,0.28388292
2962,1,0,0.39593874803646567,0,0.24,1,0.53172654
5631,0,0,0.46287393237348884,0,0.4,1,0.5648299
6577,0,0,0.012509956325917273,0,0.015,0,0.02816212
6429,0,0,0.013539550168586273,0,0.065,0,0.11945359
3982,0,0,0.0028863037955878146,0,0.0,0,6.001221e-05
1893,0,0,0.3200259985206527,0,0.215,0,0.13917251
5302,0,0,0.3066082175640754,0,0.35,0,0.13732569
383,1,1,0.6927788099617299,1,0.725,1,0.88656294
3227,0,0,0.3347389999042818,0,0.145,0,0.13186304
6137,1,0,0.15484973577600308,0,0.315,0,0.27958772
5105,1,0,0.22130708459379997,0,0.24,0,0.06885754
277,0,0,0.22463061487942765,0,0.215,0,0.17446059
3936,0,0,0.2311259372988889,0,0.13,0,0.055902034
5029,0,0,0.269517326557829,0,0.2,0,0.16240843
2558,0,0,0.020108150340868037,0,0.01,0,0.0055773887
6434,1,1,0.5053423406456925,1,0.61,1,0.8558243
2447,0,1,0.654230410522258,1,0.515,1,0.60539585
4862,1,1,0.6932763317908645,1,0.66,1,0.67933
3401,0,0,0.006679679301485988,0,0.01,0,0.1176251
4355,0,0,0.4470728342562974,0,0.28,0,0.3031557
1768,0,0,0.027261957480463832,0,0.08,0,0.046136964
2508,0,0,0.0842654508084617,0,0.05,0,0.019180892
3955,0,0,0.49470286510140565,0,0.355,0,0.42787507
717,0,1,0.5047628699013483,0,0.41,1,0.6702848
3346,0,1,0.8219519190970184,1,0.915,1,0.94180804
1171,1,0,0.22189642624135603,0,0.225,0,0.3572805
4630,0,0,0.14961545621086117,0,0.045,0,0.23363504
1703,0,0,0.4136723868342586,0,0.285,0,0.15572305
2457,0,0,0.20860942996071133,0,0.175,0,0.22834988
3350,1,0,0.43789094691462926,0,0.255,1,0.5050845
5149,0,0,0.004898272296894918,0,0.015,0,0.003267687
2012,1,0,0.35936112279220556,0,0.38,0,0.28548387
265,0,0,0.013911636571915399,0,0.0,0,0.0003943769
1206,0,1,0.6874235792997376,1,0.53,1,0.5694217
2763,0,0,0.08498929997994942,0,0.16,0,0.09722803
3822,0,1,0.6179742221697162,1,0.545,1,0.9706461
2550,0,0,0.0039611160900751745,0,0.0,0,0.003273592
5122,0,0,0.11336911378010409,0,0.095,0,0.021159787
4521,0,0,0.12563699589418412,0,0.235,0,0.08236201
1834,1,0,0.46232984817027395,0,0.395,1,0.69611526
3708,0,0,0.03730639656096266,0,0.0,0,0.0006941305
1114,0,1,0.5462159595792376,0,0.46,1,0.5296626
3081,1,1,0.6615136872333827,1,0.67,1,0.60407674
5871,1,0,0.2095382529975661,0,0.175,0,0.037401535
5999,0,0,0.20199838430433925,0,0.265,0,0.1945437
3534,1,0,0.09834367330441485,0,0.125,0,0.054611165
4640,1,1,0.6625035862106853,1,0.76,1,0.9004734
5102,0,0,0.05479160060482363,0,0.06,0,0.0016974087
7023,0,0,0.4642305499625194,0,0.295,0,0.1918533
4393,1,1,0.681780795253549,1,0.52,0,0.34001154
6985,0,0,0.06881734219463174,0,0.15,0,0.025284562
5433,0,0,0.1395593507158771,0,0.14,0,0.07221437
6603,0,0,0.3396914803079156,0,0.19,0,0.08815879
5838,0,0,0.0687392419193443,0,0.105,0,0.040832438
2181,0,0,0.06417537476852712,0,0.07,0,0.09774376
1630,0,1,0.6495001259149231,1,0.7,1,0.6213587
4448,1,1,0.6830315017559484,1,0.745,1,0.66814226
5507,0,0,0.06738934394028569,0,0.06,0,0.047078945
5884,1,0,0.11242415068792731,0,0.165,0,0.23127519
7000,0,0,0.007716586201757641,0,0.035,0,0.005037275
1861,1,0,0.33877077583309884,0,0.38,1,0.55447495
4100,0,0,0.009406953647961458,0,0.01,0,0.008324249
5379,0,0,0.24942428300918568,0,0.16,0,0.060938947
6107,0,0,0.1856269738965504,0,0.37,1,0.67365426
4603,0,0,0.2780358568096941,0,0.3,0,0.40870014
2816,0,0,0.10406252226593715,0,0.055,0,0.0015868066
2894,1,0,0.025165586890063187,0,0.045,0,0.041739374
4750,0,0,0.14999068808968347,0,0.155,0,0.044904906
3162,0,0,0.3815863192728486,0,0.17,0,0.07796332
3088,0,0,0.018000699054629275,0,0.015,0,0.0011851776
560,0,0,0.250905615241832,0,0.275,0,0.25325254
701,0,0,0.4884769875704477,0,0.325,1,0.6024625
5789,0,0,0.01796097671003462,0,0.04,0,0.00407986
3064,0,1,0.5467443327091521,0,0.33,1,0.58193195
3649,0,0,0.002753086848048476,0,0.0,0,0.00037844825
5826,1,1,0.673757321909944,1,0.73,1,0.8857646
1292,0,0,0.021522690133905988,0,0.0,0,0.0016794524
2522,0,0,0.07057326648338982,0,0.125,0,0.12703775
6362,0,1,0.6878678003941552,1,0.795,1,0.7266273
2254,0,0,0.02974307866102804,0,0.045,0,0.0010317964
3632,0,1,0.5136753929860968,0,0.255,0,0.3254865
6184,0,0,0.16717556974836098,0,0.16,0,0.14158097
4678,1,1,0.7264875353361672,1,0.86,1,0.88395804
4556,1,1,0.7062725978794137,1,0.515,1,0.6528523
4121,1,1,0.6424001584765757,1,0.595,0,0.25637782
3411,1,1,0.5452133206274458,1,0.54,1,0.919956
2244,1,0,0.05386127393960375,0,0.02,0,0.024600213
5905,0,1,0.722078870064458,1,0.805,1,0.86077535
2460,0,0,0.005659293542576497,0,0.01,0,0.004164037
7008,1,1,0.6948454264663184,1,0.7,1,0.8422168
2221,0,0,0.0029391039141308164,0,0.03,0,0.0018472318
2978,0,0,0.39382339385922427,0,0.35,0,0.091285765
517,0,1,0.6256183841730899,0,0.475,0,0.41781414
4343,1,1,0.7431319273895516,1,0.765,0,0.47476652
6954,0,0,0.14976774727854528,0,0.135,0,0.1913273
1595,1,1,0.6989798446389593,1,0.71,0,0.37681097
2565,0,0,0.049116669421675654,0,0.015,0,0.015440926
1631,1,0,0.4881729217304447,0,0.45,0,0.38729912
2964,0,0,0.12278725216813421,0,0.2,0,0.23505113
6584,0,0,0.004795908340727088,0,0.0,0,0.001783168
2791,0,0,0.02862134811493343,0,0.05,0,0.003589497
6864,1,1,0.5708662448447991,1,0.595,1,0.7987173
3463,0,0,0.4661199585168553,0,0.385,0,0.10484372
6309,0,0,0.003403980812686077,0,0.005,0,0.0010833245
699,0,0,0.0068103939419741225,0,0.04,0,0.015410503
4693,0,0,0.006162303896569908,0,0.035,0,0.01458645
5661,0,0,0.2858436156564383,0,0.12,0,0.25739598
3628,0,0,0.24082071297517052,0,0.175,0,0.20715785
5627,0,1,0.7580999502115187,1,0.715,1,0.8515539
6315,0,0,0.018357695622795857,0,0.06,0,0.01026182
5107,0,0,0.12186265068398341,0,0.135,0,0.12406391
3154,0,1,0.5997191769877522,0,0.495,0,0.35047913
6948,0,0,0.18113891142051414,0,0.34,0,0.03242804
2773,0,0,0.3186267001166055,0,0.29,1,0.6118679
4455,1,0,0.4176457730104022,1,0.645,1,0.7836306
6377,1,0,0.496354320847889,0,0.39,0,0.14764875
6251,0,0,0.20124287141620284,0,0.35,0,0.40220824
384,0,0,0.1664719782673027,0,0.3,1,0.6069401
2672,0,0,0.032069946603931344,0,0.01,0,0.0015192797
2805,0,0,0.0054952597853549015,0,0.02,0,0.0014919852
5465,0,0,0.10643401956912878,0,0.085,0,0.09503529
6023,0,0,0.006513605694690898,0,0.01,0,0.010781292
6322,1,1,0.731526958776035,1,0.845,1,0.8605998
1782,0,0,0.36136656647424154,0,0.325,0,0.25606441
3742,0,0,0.31720642074934335,0,0.315,0,0.39054558
2341,0,0,0.04034058483748681,0,0.055,0,0.19495748
5524,0,0,0.009166091975087654,0,0.02,0,0.003634087
3197,1,0,0.1551859673476586,0,0.185,0,0.32233047
2880,0,1,0.596102957474809,0,0.47,1,0.56820315
2172,0,0,0.3237292558781163,0,0.37,0,0.28949255
4039,0,1,0.8156607017952886,1,0.9,1,0.94561434
5049,1,0,0.23157555054894097,0,0.335,0,0.34859902
4132,1,1,0.5187178909897665,1,0.51,1,0.6840684
4669,0,0,0.006323119141713886,0,0.005,0,0.0013685387
5173,0,0,0.3462844896217711,0,0.345,0,0.3510899
3706,0,0,0.4160962178437457,0,0.29,0,0.21065912
2789,0,1,0.5516371412738942,0,0.345,1,0.64003336
6965,0,0,0.13373814734809647,0,0.08,0,0.012926088
2603,0,0,0.07684076701096183,0,0.025,0,0.0018225618
5520,0,0,0.10380430822757185,0,0.095,0,0.005508211
4464,1,0,0.32037966498580267,0,0.21,0,0.26548108
861,0,0,0.03721010207942589,0,0.095,0,0.06906858
4307,1,1,0.6675725898100928,1,0.695,1,0.75701606
3814,0,0,0.016044786673607026,0,0.005,0,6.900849e-05
2381,0,0,0.0681505864210513,0,0.0,0,0.0037148178
3899,0,0,0.4474807193828158,0,0.295,0,0.24290664
3392,0,0,0.029237947516422554,0,0.065,0,0.033714823
2819,0,0,0.26026029450717625,0,0.48,0,0.32051197
3896,0,0,0.01649033644282177,0,0.0,0,0.0025797628
967,0,0,0.1402549690792319,0,0.03,0,0.05553114
1468,0,0,0.11106944258591205,0,0.12,0,0.018510483
1044,0,0,0.07770167578904127,0,0.105,0,0.026899159
4576,0,0,0.11512201761940039,0,0.11,0,0.23533808
1523,0,0,0.2893638427285431,0,0.29,0,0.3417362
3142,1,0,0.18591576839361834,0,0.375,0,0.336247
6435,0,0,0.01846610427157228,0,0.03,0,0.0022580053
4505,0,0,0.005004326094519983,0,0.02,0,0.0006080762
2043,0,1,0.5335921609733837,0,0.425,1,0.63347083
4596,0,0,0.4346474637505078,0,0.2,0,0.06432235
4721,1,0,0.185050424218034,0,0.225,0,0.1948532
1566,0,0,0.018108807434170898,0,0.07,0,0.0038560373
4362,0,0,0.01167395055876212,0,0.06,0,0.006239151
2702,0,0,0.42812512909309874,1,0.505,0,0.3413165
250,0,0,0.14962583888927905,0,0.18,0,0.11752714
4824,0,0,0.18483128209660066,0,0.28,0,0.014033977
4506,0,0,0.012442588378033774,0,0.09,0,0.0062062074
4234,0,0,0.054137496342417483,0,0.015,0,0.000731556
3678,0,0,0.23094426089495673,0,0.22,0,0.10686703
2759,0,0,0.1767051470496809,0,0.21,0,0.12283502
1366,1,1,0.7551206041397002,1,0.84,1,0.85832435
1345,0,0,0.2547241349307798,0,0.235,1,0.67731667
6175,0,0,0.21168333875529213,0,0.135,0,0.08006318
1956,0,0,0.046945118899766734,0,0.075,0,0.0018340495
1441,0,0,0.2420744591430779,0,0.305,0,0.31440315
1467,0,0,0.21115511171526605,0,0.135,0,0.022350388
6967,1,1,0.6562689069426769,1,0.765,1,0.8638886
2440,0,0,0.057211822536152486,0,0.05,0,0.19483532
2210,0,0,0.08336554967570585,0,0.195,0,0.06116849
6115,0,0,0.02817255397943104,0,0.015,0,0.0010186116
1333,0,0,0.03638387106890243,0,0.04,0,0.01032803
2451,1,0,0.26664933833192256,0,0.205,0,0.10825681
6384,0,0,0.06988878495185767,0,0.05,0,0.023296876
527,0,0,0.10197756780726575,0,0.07,0,0.061162334
5839,0,1,0.7586037093600798,1,0.695,1,0.7830474
3743,1,0,0.25554398642474047,0,0.455,0,0.41504416
3441,0,0,0.044675155138835326,0,0.07,0,0.0326685
5819,0,0,0.0440253739587287,0,0.05,0,0.022695547
6763,0,0,0.028807790783331916,0,0.285,0,0.029861495
4144,0,0,0.484516647254999,0,0.45,1,0.9241384
2949,0,0,0.01851563972192867,0,0.045,0,0.022222698
5344,0,0,0.0063825686666334645,0,0.005,0,0.0003177444
1346,1,1,0.6843544502738099,1,0.68,1,0.6824462
4543,0,0,0.013994091129377367,0,0.0,0,0.0010167307
945,1,1,0.581399113523495,1,0.64,1,0.77237177
6433,0,0,0.0033208340463185514,0,0.0,0,0.003570292
4162,0,0,0.007900125329637913,0,0.0,0,0.00036788947
5728,1,0,0.45642448190963025,0,0.325,1,0.6974616
821,0,0,0.026414572899802223,0,0.055,0,0.0022056156
4849,0,0,0.2280885763090695,0,0.155,0,0.3043789
5860,1,1,0.5165104537710088,1,0.65,1,0.5182606
5778,0,0,0.16778996751009714,0,0.06,0,0.09942089
4466,1,1,0.7368665157377251,1,0.73,1,0.7898014
6761,0,0,0.24847264737151215,0,0.47,1,0.7251978
1875,0,0,0.05024206586867854,0,0.005,0,0.0011374095
49,0,0,0.007075764286396817,0,0.075,0,0.008007614
2237,0,0,0.1508494396683311,0,0.1,0,0.040837366
2435,0,0,0.2879666079608378,0,0.2,0,0.24745296
3482,0,0,0.26054143361753923,0,0.27,0,0.27724603
3928,0,1,0.5924122067851405,0,0.43,0,0.27312654
6804,0,0,0.49526208938118316,1,0.535,1,0.5261693
6701,0,0,0.2128129015369543,0,0.19,0,0.121406384
4877,0,0,0.03922990003761171,0,0.165,0,0.047898352
1187,0,0,0.08746085044972302,0,0.165,0,0.020849178
4823,1,0,0.32642361258485414,0,0.33,0,0.38798386
5406,0,0,0.08906036179877773,0,0.14,0,0.039961096
4403,0,0,0.11858199160170474,0,0.07,0,0.0904138
4512,0,0,0.019214199574092844,0,0.085,0,0.09992428
3202,0,1,0.5754063571001018,1,0.655,1,0.8294004
5812,1,1,0.6596517582738638,1,0.72,1,0.8544307
4382,0,0,0.42138861340255446,1,0.63,0,0.32233584
1179,0,0,0.44150393635418184,0,0.295,1,0.5320598
6659,0,0,0.011569590482280177,0,0.0,0,0.00032592798
746,0,0,0.048415861667119725,0,0.02,0,0.0024381252
7041,1,1,0.7170085032686782,1,0.73,1,0.8698407
4300,0,0,0.048440643869354795,0,0.055,0,0.044967633
3380,1,1,0.8601872571913172,1,0.88,1,0.92855424
1151,0,0,0.23867278345778947,0,0.345,0,0.11420165
5019,0,1,0.8010779276543587,1,0.85,1,0.6574788
5177,1,1,0.6179083568999714,1,0.56,1,0.8192565
3579,0,0,0.4130318768050966,0,0.445,0,0.3653671
6369,0,0,0.07004018436865747,0,0.105,0,0.018469745
3419,0,0,0.033725694695807946,0,0.065,0,0.0014710746
5219,0,0,0.18437953347420039,0,0.415,0,0.3826261
3934,0,0,0.08484757238600943,0,0.025,0,0.012264822
4386,1,0,0.005379152676249557,0,0.005,0,0.002004227
5581,1,0,0.06998577970367888,0,0.05,0,0.055203933
2282,1,0,0.3336074386122082,0,0.26,1,0.71916944
4327,0,1,0.5810195918892361,1,0.6,1,0.51339704
4589,0,0,0.03111200800577167,0,0.02,0,0.0026591304
3753,0,0,0.3902338174408182,0,0.325,0,0.37118667
552,0,0,0.004090696294727414,0,0.035,0,0.029734943
5444,0,0,0.4598511791111433,0,0.42,0,0.21630986
1567,0,0,0.4428033149277824,0,0.255,0,0.17224224
2926,0,0,0.08332897851912707,0,0.035,0,0.04809058
4585,1,1,0.8242175504035143,1,0.93,1,0.9610829
2627,0,0,0.01722090988213028,0,0.08,0,0.038979426
1728,0,0,0.020221381802884866,0,0.015,0,0.0028649727
4443,0,0,0.34220061814651204,0,0.47,0,0.34040818
1727,0,0,0.26514363111790273,0,0.235,0,0.0897938
6143,0,0,0.014122715438632676,0,0.015,0,0.0039591026
618,0,0,0.12367676994653548,0,0.08,0,0.003443488
2510,1,1,0.7026672234564129,1,0.8,1,0.8694759
2161,1,1,0.6856356672037475,1,0.74,1,0.85238135
3085,1,1,0.7275481073351024,1,0.725,1,0.75718236
3922,0,0,0.3494143765650266,0,0.455,1,0.60283536
6544,1,1,0.5047539289430079,0,0.4,0,0.47706252
4256,0,0,0.005431551083577151,0,0.015,0,0.0010916897
4320,0,0,0.006872252443581973,0,0.04,0,0.0027928157
5057,0,1,0.7126821643534208,0,0.495,0,0.42652652
216,0,0,0.0037205848458882313,0,0.01,0,0.001137987
3228,0,0,0.2867653860485411,0,0.22,0,0.14216906
267,0,0,0.42040736039227805,0,0.45,1,0.68749714
64,1,1,0.7351109920092028,1,0.725,1,0.84221596
449,0,0,0.02025984069629052,0,0.045,0,0.005580055
4845,0,0,0.04984142356982819,0,0.045,0,0.008425226
6585,0,0,0.013164386854807317,0,0.0,0,0.0036665278
3201,0,0,0.047888188510725925,0,0.065,0,0.0014968935
2796,0,0,0.2539886704441878,0,0.175,0,0.022443067
507,1,1,0.725615665578142,1,0.65,1,0.6811629
5402,0,0,0.03236002382306414,0,0.03,0,0.0019600266
2990,1,1,0.538360264612992,0,0.335,0,0.46002424
968,0,0,0.005423879472724459,0,0.01,0,0.00052141584
3047,1,0,0.30616457307891876,0,0.245,1,0.66511637
6894,1,1,0.8238490971952376,1,0.725,1,0.9750175
2776,1,0,0.49052259698097084,0,0.495,1,0.58999217
4308,0,0,0.42025930725456334,0,0.43,0,0.42657432
4815,1,0,0.18135884524747056,0,0.16,0,0.08384849
1688,0,0,0.010104855820073526,0,0.0,0,0.0018877274
5745,0,0,0.006513665096631708,0,0.02,0,0.0008124247
4373,0,0,0.02956713000536161,0,0.005,0,0.003292272
6680,1,0,0.059162042459388796,0,0.095,0,0.006465272
650,1,1,0.6006344822897166,1,0.59,1,0.5660351
2731,0,0,0.18621699825211885,0,0.125,0,0.008030897
4847,1,1,0.5215829448752324,1,0.525,0,0.48680663
6081,0,0,0.3140572066085258,0,0.425,0,0.2598539
2086,1,1,0.5009325581193659,0,0.5,0,0.35415626
5179,1,1,0.5233023510072781,0,0.36,0,0.13438042
6879,0,1,0.5227501543648183,0,0.375,0,0.21117547
4665,0,0,0.006207188618689508,0,0.055,0,0.00057811267
2505,0,0,0.026726521765592263,0,0.015,0,0.010098444
5364,1,1,0.6028084728797751,0,0.37,0,0.2909102
6182,0,0,0.009204170338755166,0,0.005,0,0.00015744302
284,1,0,0.4764646230147901,0,0.485,0,0.25029394
6718,1,1,0.6006607435110978,1,0.595,1,0.63332886
1383,1,0,0.48584365516867106,1,0.52,0,0.27689224
5430,1,1,0.5205483172997668,0,0.365,0,0.19607486
4087,0,0,0.17628412208349795,0,0.03,0,0.06755421
213,0,0,0.033762070030203956,0,0.015,0,0.0044019725
1389,1,1,0.5934764929347274,0,0.375,0,0.3423712
6365,1,1,0.8291436324783565,1,0.855,1,0.97738546
5268,0,0,0.011728177343358358,0,0.04,0,0.0043518925
4015,0,0,0.055904353612151576,0,0.015,0,0.010011448
2293,0,0,0.016509094281097352,0,0.01,0,0.0008327405
1699,0,0,0.025028534228552432,0,0.0,0,0.0029540719
249,0,0,0.2573789782246366,0,0.22,0,0.09655711
6416,0,0,0.013959980264980588,0,0.055,0,0.051351406
5533,0,1,0.6871860759254809,1,0.665,1,0.64530224
6284,0,1,0.7348191722549575,1,0.55,1,0.52437425
4651,1,0,0.4572643134252286,0,0.42,0,0.2151483
5681,0,0,0.06739850984093902,0,0.09,0,0.011105405
2631,1,1,0.8330208083179612,1,0.9,1,0.99439985
3024,0,0,0.11126489636918652,0,0.01,0,0.017464604
175,0,0,0.08853019299276989,0,0.015,0,0.010079871
1144,1,1,0.7009323313657763,1,0.89,1,0.94787174
2785,0,0,0.21953135848954733,0,0.22,0,0.09711481
4737,0,0,0.05184620698992306,0,0.01,0,0.0017887861
1458,1,0,0.2392608309049603,0,0.185,0,0.21995154
1420,0,0,0.44418314324083896,0,0.405,0,0.4416561
170,0,0,0.08501199469282189,0,0.095,0,0.025120365
5878,0,0,0.09289188896499583,0,0.055,0,0.029803757
2080,0,0,0.025163211231720998,0,0.035,0,0.00019564336
779,1,0,0.41413140076116994,1,0.675,1,0.5806707
6356,0,0,0.4901539095770618,1,0.515,1,0.9041308
1073,1,1,0.7440892872920298,1,0.83,1,0.98436064
5694,0,0,0.07043446765808116,0,0.035,0,0.008078611
4579,0,1,0.5105638770773431,0,0.48,0,0.42893833
3305,0,1,0.5841369456752898,0,0.485,1,0.5344966
1398,0,0,0.40238655348315266,0,0.345,1,0.63035166
1305,0,0,0.23844609361037222,0,0.16,0,0.07476457
5212,0,0,0.005131171579036885,0,0.04,0,0.0004903974
4667,0,0,0.082913488629677,0,0.125,0,0.07157646
6447,0,0,0.02585478070641778,0,0.065,0,0.0015638198
582,1,1,0.8037605117645902,1,0.82,1,0.8541237
631,0,0,0.07174361307821023,0,0.04,0,0.12392822
1377,0,0,0.0062206552054094874,0,0.005,0,0.0003208949
1770,1,1,0.5154755731352282,0,0.365,1,0.8300063
3476,0,0,0.24709982634647165,0,0.24,0,0.23115744
6665,0,0,0.08510731653484939,0,0.165,0,0.079578415
2142,0,0,0.07333299433603982,0,0.07,0,0.10519723
1216,0,0,0.004064020157977725,0,0.005,0,0.0059978333
4982,1,0,0.23388082136917576,0,0.19,0,0.04321702
5954,0,0,0.21390878710311276,0,0.225,0,0.3581785
2684,0,0,0.13679836591777023,0,0.41,1,0.5223394
2296,0,0,0.46201346050023223,0,0.405,1,0.69611526
2665,0,0,0.2105905073494489,0,0.12,0,0.073028415
6678,0,0,0.01929725754842922,0,0.0,0,0.00084282906
1772,1,1,0.6729909850687045,1,0.795,1,0.7454093
2771,0,0,0.24141860190338751,0,0.21,0,0.18252973
3065,0,0,0.4327284358553945,1,0.565,1,0.6334481
3461,0,0,0.03992836080707474,0,0.08,0,0.03260381
954,0,1,0.7380384648352458,1,0.675,1,0.72594965
1001,1,1,0.6077517324501049,0,0.45,0,0.3515857
1607,1,0,0.4997311748022402,0,0.495,0,0.3363376
4674,0,0,0.07166330778173187,0,0.09,0,0.006895823
652,0,0,0.010387242683317187,0,0.005,0,0.0025221535
3472,0,0,0.4167388851106651,0,0.23,0,0.42729214
6866,1,1,0.8376372741763066,1,0.885,1,0.9470549
2036,0,1,0.7289587197783729,1,0.795,1,0.7424926
1059,1,1,0.5794985141272423,1,0.705,1,0.82543623
2954,1,1,0.5587874309567537,1,0.56,0,0.4746988
5044,0,0,0.44839471232781264,0,0.415,1,0.5811811
4743,0,0,0.018654445054950827,0,0.04,0,0.022628142
6595,0,0,0.01966030046750131,0,0.045,0,0.002206938
1284,0,0,0.0035844763923952605,0,0.02,0,0.005606877
4994,1,1,0.5955496036308546,1,0.55,1,0.73234516
5453,0,0,0.009019485480371861,0,0.0,0,0.00017846485
4658,0,0,0.2833319238146207,0,0.245,0,0.16559958
4491,0,0,0.23178998717546584,0,0.19,0,0.11318181
139,1,1,0.6680577786991327,1,0.745,1,0.7809977
5103,0,0,0.1868628938703998,0,0.22,0,0.084758684
6466,0,0,0.48057211087967167,0,0.25,0,0.14786722
2651,1,1,0.6589184867268957,1,0.535,0,0.43467993
303,0,0,0.013058510883544162,0,0.005,0,0.00074156525
2308,0,0,0.07218227168064435,0,0.115,0,0.013321844
4280,0,0,0.0038829045694968372,0,0.005,0,0.0059191016
4934,0,0,0.09503067487963222,0,0.055,0,0.00091718324
6101,0,0,0.04633827536471732,0,0.11,0,0.07297409
6132,0,0,0.09218959455884376,0,0.08,0,0.040237185
1296,0,0,0.4623937452863689,0,0.365,0,0.31583425
6906,0,0,0.022866703013912488,0,0.01,0,0.0010876786
1750,0,0,0.07103673910021777,0,0.095,0,0.0021002875
1583,0,0,0.3805583654003477,0,0.36,0,0.48396155
5806,1,0,0.2541097806979056,0,0.195,0,0.15025939
2423,0,0,0.04944288208440307,0,0.005,0,0.00950515
6345,0,0,0.4596596661808169,1,0.53,1,0.7720184
6043,1,1,0.5977769580950857,1,0.58,1,0.706647
1207,0,0,0.3088832315024124,0,0.4,0,0.12748794
1739,1,1,0.708730683079312,1,0.945,1,0.8918644
3508,0,0,0.05316094351216606,0,0.025,0,0.031626258
1664,1,0,0.38021445798175674,0,0.26,1,0.59180856
5854,0,0,0.3704717058725798,0,0.335,0,0.39386952
5756,0,0,0.0051432663660861515,0,0.02,0,0.0836802
6088,1,1,0.5688505491462348,1,0.575,1,0.792893
4148,0,0,0.05465577806054777,0,0.085,0,0.04085089
2464,1,1,0.7554377727272662,1,0.855,1,0.96967256
324,0,0,0.01619321749276152,0,0.03,0,0.0015383441
6530,0,0,0.01667418657329457,0,0.11,0,0.006253693
3512,0,0,0.017945597802874625,0,0.045,0,0.0067806705
6485,0,0,0.12194417038187352,0,0.215,0,0.01793022
503,0,0,0.09791952307256281,0,0.11,0,0.06151153
1119,0,0,0.009849433069612862,0,0.0,0,0.003890112
5692,0,0,0.1540086336439822,0,0.18,0,0.11717334
1867,1,1,0.6224284902508506,1,0.55,0,0.3324063
5572,0,0,0.013530751667938939,0,0.015,0,0.061738815
2150,0,1,0.6865590590945059,1,0.7,1,0.6429134
1439,1,1,0.5995513102141452,0,0.45,0,0.22836576
4554,0,0,0.36805069509958643,0,0.33,0,0.24185681
5319,0,0,0.07197574471814133,0,0.1,0,0.001460794
1824,0,0,0.0018425555263552325,0,0.0,0,0.000103522485
6273,1,1,0.725679028241734,1,0.815,1,0.599885
2081,0,0,0.361703560316106,0,0.28,0,0.24174261
3630,1,0,0.15252489592116322,0,0.13,0,0.15009594
554,1,0,0.40144755746022664,0,0.3,0,0.3070598
6160,0,0,0.09331375534996694,0,0.055,0,0.052906673
6977,0,0,0.21056194835984787,0,0.095,0,0.03787496
5000,0,0,0.2855980854938524,0,0.285,0,0.38612
2234,0,0,0.03842735877770401,0,0.075,0,0.0013763378
87,0,0,0.005425801317959872,0,0.0,0,0.0045034327
1777,0,0,0.18315337413150393,0,0.165,0,0.009241326
674,1,0,0.2848246581558434,0,0.415,0,0.4034181
3885,0,1,0.7475377717404901,1,0.83,1,0.6992085
2156,1,1,0.6670643576541742,1,0.845,1,0.6018188
5691,0,0,0.09040838803578928,0,0.005,0,0.008794322
36,1,1,0.6781850839120116,1,0.635,1,0.5138481
1731,1,1,0.7351115177326891,1,0.95,1,0.9782351
4301,0,0,0.0038032505443180795,0,0.025,0,0.014088853
325,0,0,0.3147081425881321,0,0.195,0,0.1503246
893,1,1,0.5571498168236771,0,0.375,0,0.48437423
6939,0,0,0.1998226824177587,0,0.19,0,0.056182668
1443,0,0,0.3212196494332289,0,0.31,0,0.1514547
617,0,0,0.17946507545665827,0,0.34,1,0.55586386
5262,0,0,0.023934682397165695,0,0.05,0,0.007444225
2199,0,0,0.006893520989957194,0,0.0,0,0.001111422
5110,0,1,0.7199531752958248,1,0.635,1,0.685123
1166,0,0,0.44320790220822676,0,0.3,0,0.2510467
2748,1,1,0.7254310937082015,1,0.695,1,0.85069895
3056,0,0,0.02005568025165872,0,0.08,0,0.0018038917
2021,0,0,0.029442460464268128,0,0.1,0,0.009369335
5858,0,0,0.007093838289141418,0,0.02,0,0.032036033
522,0,0,0.2182944872519764,0,0.23,0,0.105729625
6564,0,0,0.14740811995206685,0,0.09,0,0.05116099
979,0,0,0.033753841940642425,0,0.045,0,0.013326834
6,0,0,0.48523045341043125,0,0.43,1,0.55719334
4474,0,0,0.027736234239656106,0,0.01,0,0.016741069
2206,1,0,0.33580720684104365,0,0.17,0,0.23099932
2874,0,0,0.003182228910685295,0,0.0,0,0.0027561646
3152,0,0,0.17000345251929877,0,0.175,0,0.11385184
6147,0,0,0.17132570977732337,0,0.26,0,0.12616481
6110,0,0,0.296516233040344,0,0.155,0,0.13116929
3544,1,0,0.49565271520933873,0,0.28,0,0.17692772
2473,0,0,0.1254379803375674,0,0.055,0,0.18819709
1117,0,0,0.12505745382475542,0,0.12,0,0.016988384
2011,0,0,0.09580076557568928,0,0.095,0,0.058300193
6972,1,0,0.28007136291238455,0,0.265,0,0.05390342
2479,0,0,0.014887886206114257,0,0.005,0,0.0005864322
1926,1,1,0.5027478838768207,1,0.535,1,0.8240776
3644,0,0,0.012023736343691032,0,0.0,0,0.034443725
2877,1,0,0.37925832342730936,0,0.28,0,0.37486747
6522,0,0,0.06224255634545198,0,0.15,0,0.17674667
2179,0,0,0.11490071613525779,0,0.05,0,0.0107979085
4593,0,0,0.11725497772987366,0,0.11,0,0.24321836
852,0,0,0.22671319142683852,0,0.07,0,0.07838397
5628,1,1,0.6001886200245401,1,0.765,1,0.54940724
6097,0,0,0.006120966324592415,0,0.015,0,0.00024278638
4879,0,0,0.08648282721448251,0,0.16,0,0.09269066
807,0,0,0.056910114513335476,0,0.185,1,0.7578807
5787,1,0,0.40238949459581225,0,0.295,0,0.111294426
4925,0,0,0.1306083396852939,0,0.13,0,0.026838351
581,1,0,0.43255413100249934,0,0.495,1,0.6952349
1412,1,1,0.6547575817565338,1,0.595,1,0.5485031
1462,0,0,0.023081018154164416,0,0.005,0,0.004660942
4710,0,0,0.08005631618755164,0,0.165,0,0.013228467
1544,0,0,0.19475218975067196,0,0.105,0,0.025611773
1730,1,1,0.6436814832415186,0,0.405,1,0.65606683
5423,1,1,0.6714320619096122,0,0.455,0,0.3883079
4175,0,0,0.006053691444633827,0,0.0,0,0.0018996204
3966,0,0,0.04125420960577525,0,0.025,0,0.0011963516
2772,0,0,0.006749119506753222,0,0.04,0,0.014988952
5881,0,0,0.07556791678558472,0,0.065,0,0.0480169
1815,0,0,0.0022419451011570454,0,0.0,0,0.000116828734
5115,0,0,0.010337921656491205,0,0.015,0,0.0014656291
4995,1,1,0.63713815615127,1,0.57,1,0.7521116
177,1,0,0.40002186866521766,0,0.4,0,0.25027764
4004,0,0,0.00779575592544975,0,0.02,0,0.0020914436
959,0,0,0.42740858325901193,0,0.405,1,0.7592709
1115,0,0,0.0402253946755436,0,0.085,0,0.035211418
1573,0,0,0.1395727998260797,0,0.075,0,0.08230763
3525,1,0,0.4784433195319655,0,0.395,0,0.2427205
2227,0,0,0.013851059445736934,0,0.06,0,0.29434133
6454,0,0,0.26000640554181714,0,0.275,0,0.17105152
935,0,1,0.8139394422148547,1,0.74,1,0.86098266
4430,0,0,0.04363465724871655,0,0.055,0,0.097177126
4325,0,0,0.17048018776125493,0,0.1,0,0.15813003
3365,0,0,0.026354733087851228,0,0.01,0,0.0023903036
4577,0,0,0.2504255090045702,0,0.25,0,0.2692145
1286,0,0,0.20062936647272023,0,0.25,0,0.17015006
595,1,0,0.2302512487807731,0,0.125,0,0.20688306
481,1,0,0.12999461488510525,0,0.095,0,0.103027925
74,0,0,0.22799039186379053,0,0.29,0,0.063318826
2099,0,0,0.2878039882955928,0,0.295,0,0.15193695
3940,0,0,0.3609198857251062,0,0.165,0,0.19719075
5662,1,1,0.7026398945214927,1,0.74,1,0.70769924
6300,0,0,0.005047123503856129,0,0.005,0,0.0003671593
4692,0,0,0.35997649532794374,0,0.4,1,0.7158748
4784,0,0,0.24467975035000328,0,0.355,0,0.40157977
6783,0,0,0.04011692418371339,0,0.04,0,0.0047938973
3454,0,0,0.23276751388188582,0,0.16,0,0.2957859
510,0,0,0.13683143515661472,0,0.19,0,0.06327505
6599,1,1,0.6153023472906307,1,0.535,1,0.8004224
610,1,0,0.4717977671662668,0,0.37,0,0.32613188
3850,0,0,0.021417144156678104,0,0.02,0,0.003040728
6827,0,0,0.04601324252052678,0,0.075,0,0.0030471643
3702,1,1,0.561891016193811,0,0.455,1,0.71001506
5536,1,1,0.5222631799283823,0,0.275,0,0.32742685
53,1,1,0.6208269250888339,0,0.495,1,0.79871285
4365,0,0,0.02375114643301913,0,0.015,0,0.0016370581
4249,0,0,0.18270057446537732,0,0.27,0,0.35464954
1635,0,0,0.4280936922884919,0,0.465,0,0.26203883
2503,0,0,0.012238101755540317,0,0.01,0,0.0014877816
3470,0,0,0.21673602782025853,0,0.225,0,0.14351596
1477,1,0,0.18188406205813618,0,0.09,0,0.027274655
1045,0,0,0.4398774832965543,0,0.415,1,0.5868569
3776,0,0,0.09009227663369142,0,0.125,0,0.08272502
3737,1,0,0.46079425013262865,1,0.575,0,0.46114147
6611,0,0,0.05381040681781555,0,0.06,0,0.009049459
6244,0,0,0.4559970542432381,0,0.445,1,0.9063665
3869,0,0,0.35196150503381973,0,0.335,0,0.18875676
337,0,0,0.027534554201005975,0,0.055,0,0.013940508
2900,1,1,0.6924684244761887,1,0.765,1,0.9798147
6412,0,0,0.028413259092820536,0,0.05,0,0.0052186674
6399,0,0,0.34423212585835944,0,0.34,0,0.34796807
4223,0,1,0.6193662477210014,1,0.575,0,0.475768
1733,0,0,0.18736494131851075,0,0.18,0,0.10069049
5077,0,0,0.035485924259151806,0,0.02,0,0.0035509446
1421,1,1,0.7098060737007502,1,0.585,1,0.8308531
4765,0,0,0.058223522717395226,0,0.125,0,0.008915217
153,0,0,0.012741584899482489,0,0.01,0,0.007322113
4708,0,0,0.009921961540419084,0,0.045,0,0.0027949638
3701,0,0,0.028291136839406615,0,0.03,0,0.0812636
5143,0,0,0.036924407513718296,0,0.08,0,0.0065885796
4439,0,0,0.018512701017889092,0,0.0,0,0.0002226525
3857,0,0,0.15009519709941588,0,0.035,0,0.07609123
4758,0,0,0.004581653294764413,0,0.04,0,0.1188065
5613,0,0,0.006283141696844437,0,0.04,0,0.0010403473
